Date,Available,Missing,Complete
2013-05-12,"{'DNB_BRDF_Corrected_NTL', 'Mandatory_Quality_Flag', 'Gap_Filled_DNB_BRDF_Corrected_NTL', 'Snow_Flag', 'DNB_Lunar_Irradiance', 'Latest_High_Quality_Retrieval', 'QF_Cloud_Mask'}",,True
2013-05-13,"{'DNB_BRDF_Corrected_NTL', 'Mandatory_Quality_Flag', 'Gap_Filled_DNB_BRDF_Corrected_NTL', 'Snow_Flag', 'DNB_Lunar_Irradiance', 'Latest_High_Quality_Retrieval', 'QF_Cloud_Mask'}",,True
2013-05-14,"{'DNB_BRDF_Corrected_NTL', 'Mandatory_Quality_Flag', 'Gap_Filled_DNB_BRDF_Corrected_NTL', 'Snow_Flag', 'DNB_Lunar_Irradiance', 'Latest_High_Quality_Retrieval', 'QF_Cloud_Mask'}",,True
2013-05-15,"{'DNB_BRDF_Corrected_NTL', 'Mandatory_Quality_Flag', 'Gap_Filled_DNB_BRDF_Corrected_NTL', 'Snow_Flag', 'DNB_Lunar_Irradiance', 'Latest_High_Quality_Retrieval', 'QF_Cloud_Mask'}",,True
2013-05-16,"{'DNB_BRDF_Corrected_NTL', 'Mandatory_Quality_Flag', 'Gap_Filled_DNB_BRDF_Corrected_NTL', 'Snow_Flag', 'DNB_Lunar_Irradiance', 'Latest_High_Quality_Retrieval', 'QF_Cloud_Mask'}",,True
2013-05-17,"{'DNB_BRDF_Corrected_NTL', 'Mandatory_Quality_Flag', 'Gap_Filled_DNB_BRDF_Corrected_NTL', 'Snow_Flag', 'DNB_Lunar_Irradiance', 'Latest_High_Quality_Retrieval', 'QF_Cloud_Mask'}",,True
2013-05-18,"{'DNB_BRDF_Corrected_NTL', 'Mandatory_Quality_Flag', 'Gap_Filled_DNB_BRDF_Corrected_NTL', 'Snow_Flag', 'DNB_Lunar_Irradiance', 'Latest_High_Quality_Retrieval', 'QF_Cloud_Mask'}",,True
2013-05-19,"{'DNB_BRDF_Corrected_NTL', 'Mandatory_Quality_Flag', 'Gap_Filled_DNB_BRDF_Corrected_NTL', 'Snow_Flag', 'DNB_Lunar_Irradiance', 'Latest_High_Quality_Retrieval', 'QF_Cloud_Mask'}",,True
2013-05-20,"{'DNB_BRDF_Corrected_NTL', 'Mandatory_Quality_Flag', 'Gap_Filled_DNB_BRDF_Corrected_NTL', 'Snow_Flag', 'DNB_Lunar_Irradiance', 'Latest_High_Quality_Retrieval', 'QF_Cloud_Mask'}",,True
2013-05-21,"{'DNB_BRDF_Corrected_NTL', 'Mandatory_Quality_Flag', 'Gap_Filled_DNB_BRDF_Corrected_NTL', 'Snow_Flag', 'DNB_Lunar_Irradiance', 'Latest_High_Quality_Retrieval', 'QF_Cloud_Mask'}",,True
2013-05-22,"{'DNB_BRDF_Corrected_NTL', 'Mandatory_Quality_Flag', 'Gap_Filled_DNB_BRDF_Corrected_NTL', 'Snow_Flag', 'DNB_Lunar_Irradiance', 'Latest_High_Quality_Retrieval', 'QF_Cloud_Mask'}",,True
2013-05-23,"{'DNB_BRDF_Corrected_NTL', 'Mandatory_Quality_Flag', 'Gap_Filled_DNB_BRDF_Corrected_NTL', 'Snow_Flag', 'DNB_Lunar_Irradiance', 'Latest_High_Quality_Retrieval', 'QF_Cloud_Mask'}",,True
2013-05-24,"{'DNB_BRDF_Corrected_NTL', 'Mandatory_Quality_Flag', 'Gap_Filled_DNB_BRDF_Corrected_NTL', 'Snow_Flag', 'DNB_Lunar_Irradiance', 'Latest_High_Quality_Retrieval', 'QF_Cloud_Mask'}",,True
2013-05-25,"{'DNB_BRDF_Corrected_NTL', 'Mandatory_Quality_Flag', 'Gap_Filled_DNB_BRDF_Corrected_NTL', 'Snow_Flag', 'DNB_Lunar_Irradiance', 'Latest_High_Quality_Retrieval', 'QF_Cloud_Mask'}",,True
2013-05-26,"{'DNB_BRDF_Corrected_NTL', 'Mandatory_Quality_Flag', 'Gap_Filled_DNB_BRDF_Corrected_NTL', 'Snow_Flag', 'DNB_Lunar_Irradiance', 'Latest_High_Quality_Retrieval', 'QF_Cloud_Mask'}",,True
2013-05-27,"{'DNB_BRDF_Corrected_NTL', 'Mandatory_Quality_Flag', 'Gap_Filled_DNB_BRDF_Corrected_NTL', 'Snow_Flag', 'DNB_Lunar_Irradiance', 'Latest_High_Quality_Retrieval', 'QF_Cloud_Mask'}",,True
2013-05-28,"{'DNB_BRDF_Corrected_NTL', 'Mandatory_Quality_Flag', 'Gap_Filled_DNB_BRDF_Corrected_NTL', 'Snow_Flag', 'DNB_Lunar_Irradiance', 'Latest_High_Quality_Retrieval', 'QF_Cloud_Mask'}",,True
2013-05-29,"{'DNB_BRDF_Corrected_NTL', 'Mandatory_Quality_Flag', 'Gap_Filled_DNB_BRDF_Corrected_NTL', 'Snow_Flag', 'DNB_Lunar_Irradiance', 'Latest_High_Quality_Retrieval', 'QF_Cloud_Mask'}",,True
2013-05-30,"{'DNB_BRDF_Corrected_NTL', 'Mandatory_Quality_Flag', 'Gap_Filled_DNB_BRDF_Corrected_NTL', 'Snow_Flag', 'DNB_Lunar_Irradiance', 'Latest_High_Quality_Retrieval', 'QF_Cloud_Mask'}",,True
2013-05-31,"{'DNB_BRDF_Corrected_NTL', 'Mandatory_Quality_Flag', 'Gap_Filled_DNB_BRDF_Corrected_NTL', 'Snow_Flag', 'DNB_Lunar_Irradiance', 'Latest_High_Quality_Retrieval', 'QF_Cloud_Mask'}",,True
2013-06-01,"{'DNB_BRDF_Corrected_NTL', 'Mandatory_Quality_Flag', 'Gap_Filled_DNB_BRDF_Corrected_NTL', 'Snow_Flag', 'DNB_Lunar_Irradiance', 'Latest_High_Quality_Retrieval', 'QF_Cloud_Mask'}",,True
2013-06-02,"{'DNB_BRDF_Corrected_NTL', 'Mandatory_Quality_Flag', 'Gap_Filled_DNB_BRDF_Corrected_NTL', 'Snow_Flag', 'DNB_Lunar_Irradiance', 'Latest_High_Quality_Retrieval', 'QF_Cloud_Mask'}",,True
2013-06-03,"{'DNB_BRDF_Corrected_NTL', 'Mandatory_Quality_Flag', 'Gap_Filled_DNB_BRDF_Corrected_NTL', 'Snow_Flag', 'DNB_Lunar_Irradiance', 'Latest_High_Quality_Retrieval', 'QF_Cloud_Mask'}",,True
2013-06-04,"{'DNB_BRDF_Corrected_NTL', 'Mandatory_Quality_Flag', 'Gap_Filled_DNB_BRDF_Corrected_NTL', 'Snow_Flag', 'DNB_Lunar_Irradiance', 'Latest_High_Quality_Retrieval', 'QF_Cloud_Mask'}",,True
2013-06-05,"{'DNB_BRDF_Corrected_NTL', 'Mandatory_Quality_Flag', 'Gap_Filled_DNB_BRDF_Corrected_NTL', 'Snow_Flag', 'DNB_Lunar_Irradiance', 'Latest_High_Quality_Retrieval', 'QF_Cloud_Mask'}",,True
2013-06-06,"{'DNB_BRDF_Corrected_NTL', 'Mandatory_Quality_Flag', 'Gap_Filled_DNB_BRDF_Corrected_NTL', 'Snow_Flag', 'DNB_Lunar_Irradiance', 'Latest_High_Quality_Retrieval', 'QF_Cloud_Mask'}",,True
2013-06-07,"{'DNB_BRDF_Corrected_NTL', 'Mandatory_Quality_Flag', 'Gap_Filled_DNB_BRDF_Corrected_NTL', 'Snow_Flag', 'DNB_Lunar_Irradiance', 'Latest_High_Quality_Retrieval', 'QF_Cloud_Mask'}",,True
2013-06-08,"{'DNB_BRDF_Corrected_NTL', 'Mandatory_Quality_Flag', 'Gap_Filled_DNB_BRDF_Corrected_NTL', 'Snow_Flag', 'DNB_Lunar_Irradiance', 'Latest_High_Quality_Retrieval', 'QF_Cloud_Mask'}",,True
2013-06-09,"{'DNB_BRDF_Corrected_NTL', 'Mandatory_Quality_Flag', 'Gap_Filled_DNB_BRDF_Corrected_NTL', 'Snow_Flag', 'DNB_Lunar_Irradiance', 'Latest_High_Quality_Retrieval', 'QF_Cloud_Mask'}",,True
2013-06-10,"{'DNB_BRDF_Corrected_NTL', 'Mandatory_Quality_Flag', 'Gap_Filled_DNB_BRDF_Corrected_NTL', 'Snow_Flag', 'DNB_Lunar_Irradiance', 'Latest_High_Quality_Retrieval', 'QF_Cloud_Mask'}",,True
2013-06-11,"{'DNB_BRDF_Corrected_NTL', 'Mandatory_Quality_Flag', 'Gap_Filled_DNB_BRDF_Corrected_NTL', 'Snow_Flag', 'DNB_Lunar_Irradiance', 'Latest_High_Quality_Retrieval', 'QF_Cloud_Mask'}",,True
2013-06-12,"{'DNB_BRDF_Corrected_NTL', 'Mandatory_Quality_Flag', 'Gap_Filled_DNB_BRDF_Corrected_NTL', 'Snow_Flag', 'DNB_Lunar_Irradiance', 'Latest_High_Quality_Retrieval', 'QF_Cloud_Mask'}",,True
2013-06-13,"{'DNB_BRDF_Corrected_NTL', 'Mandatory_Quality_Flag', 'Gap_Filled_DNB_BRDF_Corrected_NTL', 'Snow_Flag', 'DNB_Lunar_Irradiance', 'Latest_High_Quality_Retrieval', 'QF_Cloud_Mask'}",,True
2013-06-14,"{'DNB_BRDF_Corrected_NTL', 'Mandatory_Quality_Flag', 'Gap_Filled_DNB_BRDF_Corrected_NTL', 'Snow_Flag', 'DNB_Lunar_Irradiance', 'Latest_High_Quality_Retrieval', 'QF_Cloud_Mask'}",,True
2013-06-15,"{'DNB_BRDF_Corrected_NTL', 'Mandatory_Quality_Flag', 'Gap_Filled_DNB_BRDF_Corrected_NTL', 'Snow_Flag', 'DNB_Lunar_Irradiance', 'Latest_High_Quality_Retrieval', 'QF_Cloud_Mask'}",,True
2013-06-16,"{'DNB_BRDF_Corrected_NTL', 'Mandatory_Quality_Flag', 'Gap_Filled_DNB_BRDF_Corrected_NTL', 'Snow_Flag', 'DNB_Lunar_Irradiance', 'Latest_High_Quality_Retrieval', 'QF_Cloud_Mask'}",,True
2013-06-17,"{'DNB_BRDF_Corrected_NTL', 'Mandatory_Quality_Flag', 'Gap_Filled_DNB_BRDF_Corrected_NTL', 'Snow_Flag', 'DNB_Lunar_Irradiance', 'Latest_High_Quality_Retrieval', 'QF_Cloud_Mask'}",,True
2013-06-18,"{'DNB_BRDF_Corrected_NTL', 'Mandatory_Quality_Flag', 'Gap_Filled_DNB_BRDF_Corrected_NTL', 'Snow_Flag', 'DNB_Lunar_Irradiance', 'Latest_High_Quality_Retrieval', 'QF_Cloud_Mask'}",,True
2013-06-19,"{'DNB_BRDF_Corrected_NTL', 'Mandatory_Quality_Flag', 'Gap_Filled_DNB_BRDF_Corrected_NTL', 'Snow_Flag', 'DNB_Lunar_Irradiance', 'Latest_High_Quality_Retrieval', 'QF_Cloud_Mask'}",,True
2013-06-20,"{'DNB_BRDF_Corrected_NTL', 'Mandatory_Quality_Flag', 'Gap_Filled_DNB_BRDF_Corrected_NTL', 'Snow_Flag', 'DNB_Lunar_Irradiance', 'Latest_High_Quality_Retrieval', 'QF_Cloud_Mask'}",,True
2013-06-21,"{'DNB_BRDF_Corrected_NTL', 'Mandatory_Quality_Flag', 'Gap_Filled_DNB_BRDF_Corrected_NTL', 'Snow_Flag', 'DNB_Lunar_Irradiance', 'Latest_High_Quality_Retrieval', 'QF_Cloud_Mask'}",,True
2013-06-22,"{'DNB_BRDF_Corrected_NTL', 'Mandatory_Quality_Flag', 'Gap_Filled_DNB_BRDF_Corrected_NTL', 'Snow_Flag', 'DNB_Lunar_Irradiance', 'Latest_High_Quality_Retrieval', 'QF_Cloud_Mask'}",,True
2013-06-23,"{'DNB_BRDF_Corrected_NTL', 'Mandatory_Quality_Flag', 'Gap_Filled_DNB_BRDF_Corrected_NTL', 'Snow_Flag', 'DNB_Lunar_Irradiance', 'Latest_High_Quality_Retrieval', 'QF_Cloud_Mask'}",,True
2013-06-24,"{'DNB_BRDF_Corrected_NTL', 'Mandatory_Quality_Flag', 'Gap_Filled_DNB_BRDF_Corrected_NTL', 'Snow_Flag', 'DNB_Lunar_Irradiance', 'Latest_High_Quality_Retrieval', 'QF_Cloud_Mask'}",,True
2013-06-25,"{'DNB_BRDF_Corrected_NTL', 'Mandatory_Quality_Flag', 'Gap_Filled_DNB_BRDF_Corrected_NTL', 'Snow_Flag', 'DNB_Lunar_Irradiance', 'Latest_High_Quality_Retrieval', 'QF_Cloud_Mask'}",,True
2013-06-26,"{'DNB_BRDF_Corrected_NTL', 'Mandatory_Quality_Flag', 'Gap_Filled_DNB_BRDF_Corrected_NTL', 'Snow_Flag', 'DNB_Lunar_Irradiance', 'Latest_High_Quality_Retrieval', 'QF_Cloud_Mask'}",,True
2013-06-27,"{'DNB_BRDF_Corrected_NTL', 'Mandatory_Quality_Flag', 'Gap_Filled_DNB_BRDF_Corrected_NTL', 'Snow_Flag', 'DNB_Lunar_Irradiance', 'Latest_High_Quality_Retrieval', 'QF_Cloud_Mask'}",,True
2013-06-28,"{'DNB_BRDF_Corrected_NTL', 'Mandatory_Quality_Flag', 'Gap_Filled_DNB_BRDF_Corrected_NTL', 'Snow_Flag', 'DNB_Lunar_Irradiance', 'Latest_High_Quality_Retrieval', 'QF_Cloud_Mask'}",,True
2013-06-29,"{'DNB_BRDF_Corrected_NTL', 'Mandatory_Quality_Flag', 'Gap_Filled_DNB_BRDF_Corrected_NTL', 'Snow_Flag', 'DNB_Lunar_Irradiance', 'Latest_High_Quality_Retrieval', 'QF_Cloud_Mask'}",,True
2013-06-30,"{'DNB_BRDF_Corrected_NTL', 'Mandatory_Quality_Flag', 'Gap_Filled_DNB_BRDF_Corrected_NTL', 'Snow_Flag', 'DNB_Lunar_Irradiance', 'Latest_High_Quality_Retrieval', 'QF_Cloud_Mask'}",,True
2013-07-01,"{'DNB_BRDF_Corrected_NTL', 'Mandatory_Quality_Flag', 'Gap_Filled_DNB_BRDF_Corrected_NTL', 'Snow_Flag', 'DNB_Lunar_Irradiance', 'Latest_High_Quality_Retrieval', 'QF_Cloud_Mask'}",,True
2013-07-02,"{'DNB_BRDF_Corrected_NTL', 'Mandatory_Quality_Flag', 'Gap_Filled_DNB_BRDF_Corrected_NTL', 'Snow_Flag', 'DNB_Lunar_Irradiance', 'Latest_High_Quality_Retrieval', 'QF_Cloud_Mask'}",,True
2013-07-03,"{'DNB_BRDF_Corrected_NTL', 'Mandatory_Quality_Flag', 'Gap_Filled_DNB_BRDF_Corrected_NTL', 'Snow_Flag', 'DNB_Lunar_Irradiance', 'Latest_High_Quality_Retrieval', 'QF_Cloud_Mask'}",,True
2013-07-04,"{'DNB_BRDF_Corrected_NTL', 'Mandatory_Quality_Flag', 'Gap_Filled_DNB_BRDF_Corrected_NTL', 'Snow_Flag', 'DNB_Lunar_Irradiance', 'Latest_High_Quality_Retrieval', 'QF_Cloud_Mask'}",,True
2013-07-05,"{'DNB_BRDF_Corrected_NTL', 'Mandatory_Quality_Flag', 'Gap_Filled_DNB_BRDF_Corrected_NTL', 'Snow_Flag', 'DNB_Lunar_Irradiance', 'Latest_High_Quality_Retrieval', 'QF_Cloud_Mask'}",,True
2013-07-06,"{'DNB_BRDF_Corrected_NTL', 'Mandatory_Quality_Flag', 'Gap_Filled_DNB_BRDF_Corrected_NTL', 'Snow_Flag', 'DNB_Lunar_Irradiance', 'Latest_High_Quality_Retrieval', 'QF_Cloud_Mask'}",,True
2013-07-07,"{'DNB_BRDF_Corrected_NTL', 'Mandatory_Quality_Flag', 'Gap_Filled_DNB_BRDF_Corrected_NTL', 'Snow_Flag', 'DNB_Lunar_Irradiance', 'Latest_High_Quality_Retrieval', 'QF_Cloud_Mask'}",,True
2013-07-08,"{'DNB_BRDF_Corrected_NTL', 'Mandatory_Quality_Flag', 'Gap_Filled_DNB_BRDF_Corrected_NTL', 'Snow_Flag', 'DNB_Lunar_Irradiance', 'Latest_High_Quality_Retrieval', 'QF_Cloud_Mask'}",,True
2013-07-09,"{'DNB_BRDF_Corrected_NTL', 'Mandatory_Quality_Flag', 'Gap_Filled_DNB_BRDF_Corrected_NTL', 'Snow_Flag', 'DNB_Lunar_Irradiance', 'Latest_High_Quality_Retrieval', 'QF_Cloud_Mask'}",,True
2013-07-10,"{'DNB_BRDF_Corrected_NTL', 'Mandatory_Quality_Flag', 'Gap_Filled_DNB_BRDF_Corrected_NTL', 'Snow_Flag', 'DNB_Lunar_Irradiance', 'Latest_High_Quality_Retrieval', 'QF_Cloud_Mask'}",,True
2013-07-11,"{'DNB_BRDF_Corrected_NTL', 'Mandatory_Quality_Flag', 'Gap_Filled_DNB_BRDF_Corrected_NTL', 'Snow_Flag', 'DNB_Lunar_Irradiance', 'Latest_High_Quality_Retrieval', 'QF_Cloud_Mask'}",,True
2013-07-12,"{'DNB_BRDF_Corrected_NTL', 'Mandatory_Quality_Flag', 'Gap_Filled_DNB_BRDF_Corrected_NTL', 'Snow_Flag', 'DNB_Lunar_Irradiance', 'Latest_High_Quality_Retrieval', 'QF_Cloud_Mask'}",,True
2013-07-13,"{'DNB_BRDF_Corrected_NTL', 'Mandatory_Quality_Flag', 'Gap_Filled_DNB_BRDF_Corrected_NTL', 'Snow_Flag', 'DNB_Lunar_Irradiance', 'Latest_High_Quality_Retrieval', 'QF_Cloud_Mask'}",,True
2013-07-14,"{'DNB_BRDF_Corrected_NTL', 'Mandatory_Quality_Flag', 'Gap_Filled_DNB_BRDF_Corrected_NTL', 'Snow_Flag', 'DNB_Lunar_Irradiance', 'Latest_High_Quality_Retrieval', 'QF_Cloud_Mask'}",,True
2013-07-15,"{'DNB_BRDF_Corrected_NTL', 'Mandatory_Quality_Flag', 'Gap_Filled_DNB_BRDF_Corrected_NTL', 'Snow_Flag', 'DNB_Lunar_Irradiance', 'Latest_High_Quality_Retrieval', 'QF_Cloud_Mask'}",,True
2013-07-16,"{'DNB_BRDF_Corrected_NTL', 'Mandatory_Quality_Flag', 'Gap_Filled_DNB_BRDF_Corrected_NTL', 'Snow_Flag', 'DNB_Lunar_Irradiance', 'Latest_High_Quality_Retrieval', 'QF_Cloud_Mask'}",,True
2013-07-17,"{'DNB_BRDF_Corrected_NTL', 'Mandatory_Quality_Flag', 'Gap_Filled_DNB_BRDF_Corrected_NTL', 'Snow_Flag', 'DNB_Lunar_Irradiance', 'Latest_High_Quality_Retrieval', 'QF_Cloud_Mask'}",,True
2013-07-18,"{'DNB_BRDF_Corrected_NTL', 'Mandatory_Quality_Flag', 'Gap_Filled_DNB_BRDF_Corrected_NTL', 'Snow_Flag', 'DNB_Lunar_Irradiance', 'Latest_High_Quality_Retrieval', 'QF_Cloud_Mask'}",,True
2013-07-19,"{'DNB_BRDF_Corrected_NTL', 'Mandatory_Quality_Flag', 'Gap_Filled_DNB_BRDF_Corrected_NTL', 'Snow_Flag', 'DNB_Lunar_Irradiance', 'Latest_High_Quality_Retrieval', 'QF_Cloud_Mask'}",,True
2013-07-20,"{'DNB_BRDF_Corrected_NTL', 'Mandatory_Quality_Flag', 'Gap_Filled_DNB_BRDF_Corrected_NTL', 'Snow_Flag', 'DNB_Lunar_Irradiance', 'Latest_High_Quality_Retrieval', 'QF_Cloud_Mask'}",,True
2013-07-21,"{'DNB_BRDF_Corrected_NTL', 'Mandatory_Quality_Flag', 'Gap_Filled_DNB_BRDF_Corrected_NTL', 'Snow_Flag', 'DNB_Lunar_Irradiance', 'Latest_High_Quality_Retrieval', 'QF_Cloud_Mask'}",,True
2013-07-22,"{'DNB_BRDF_Corrected_NTL', 'Mandatory_Quality_Flag', 'Gap_Filled_DNB_BRDF_Corrected_NTL', 'Snow_Flag', 'DNB_Lunar_Irradiance', 'Latest_High_Quality_Retrieval', 'QF_Cloud_Mask'}",,True
2013-07-23,"{'DNB_BRDF_Corrected_NTL', 'Mandatory_Quality_Flag', 'Gap_Filled_DNB_BRDF_Corrected_NTL', 'Snow_Flag', 'DNB_Lunar_Irradiance', 'Latest_High_Quality_Retrieval', 'QF_Cloud_Mask'}",,True
2013-07-24,"{'DNB_BRDF_Corrected_NTL', 'Mandatory_Quality_Flag', 'Gap_Filled_DNB_BRDF_Corrected_NTL', 'Snow_Flag', 'DNB_Lunar_Irradiance', 'Latest_High_Quality_Retrieval', 'QF_Cloud_Mask'}",,True
2013-07-25,"{'DNB_BRDF_Corrected_NTL', 'Mandatory_Quality_Flag', 'Gap_Filled_DNB_BRDF_Corrected_NTL', 'Snow_Flag', 'DNB_Lunar_Irradiance', 'Latest_High_Quality_Retrieval', 'QF_Cloud_Mask'}",,True
2013-07-26,"{'DNB_BRDF_Corrected_NTL', 'Mandatory_Quality_Flag', 'Gap_Filled_DNB_BRDF_Corrected_NTL', 'Snow_Flag', 'DNB_Lunar_Irradiance', 'Latest_High_Quality_Retrieval', 'QF_Cloud_Mask'}",,True
2013-07-27,"{'DNB_BRDF_Corrected_NTL', 'Mandatory_Quality_Flag', 'Gap_Filled_DNB_BRDF_Corrected_NTL', 'Snow_Flag', 'DNB_Lunar_Irradiance', 'Latest_High_Quality_Retrieval', 'QF_Cloud_Mask'}",,True
2013-07-28,"{'DNB_BRDF_Corrected_NTL', 'Mandatory_Quality_Flag', 'Gap_Filled_DNB_BRDF_Corrected_NTL', 'Snow_Flag', 'DNB_Lunar_Irradiance', 'Latest_High_Quality_Retrieval', 'QF_Cloud_Mask'}",,True
2013-07-29,"{'DNB_BRDF_Corrected_NTL', 'Mandatory_Quality_Flag', 'Gap_Filled_DNB_BRDF_Corrected_NTL', 'Snow_Flag', 'DNB_Lunar_Irradiance', 'Latest_High_Quality_Retrieval', 'QF_Cloud_Mask'}",,True
2013-07-30,"{'DNB_BRDF_Corrected_NTL', 'Mandatory_Quality_Flag', 'Gap_Filled_DNB_BRDF_Corrected_NTL', 'Snow_Flag', 'DNB_Lunar_Irradiance', 'Latest_High_Quality_Retrieval', 'QF_Cloud_Mask'}",,True
2013-07-31,"{'DNB_BRDF_Corrected_NTL', 'Mandatory_Quality_Flag', 'Gap_Filled_DNB_BRDF_Corrected_NTL', 'Snow_Flag', 'DNB_Lunar_Irradiance', 'Latest_High_Quality_Retrieval', 'QF_Cloud_Mask'}",,True
2013-08-01,"{'DNB_BRDF_Corrected_NTL', 'Mandatory_Quality_Flag', 'Gap_Filled_DNB_BRDF_Corrected_NTL', 'Snow_Flag', 'DNB_Lunar_Irradiance', 'Latest_High_Quality_Retrieval', 'QF_Cloud_Mask'}",,True
2013-08-02,"{'DNB_BRDF_Corrected_NTL', 'Mandatory_Quality_Flag', 'Gap_Filled_DNB_BRDF_Corrected_NTL', 'Snow_Flag', 'DNB_Lunar_Irradiance', 'Latest_High_Quality_Retrieval', 'QF_Cloud_Mask'}",,True
2013-08-03,"{'DNB_BRDF_Corrected_NTL', 'Mandatory_Quality_Flag', 'Gap_Filled_DNB_BRDF_Corrected_NTL', 'Snow_Flag', 'DNB_Lunar_Irradiance', 'Latest_High_Quality_Retrieval', 'QF_Cloud_Mask'}",,True
2013-08-04,"{'DNB_BRDF_Corrected_NTL', 'Mandatory_Quality_Flag', 'Gap_Filled_DNB_BRDF_Corrected_NTL', 'Snow_Flag', 'DNB_Lunar_Irradiance', 'Latest_High_Quality_Retrieval', 'QF_Cloud_Mask'}",,True
2013-08-05,"{'DNB_BRDF_Corrected_NTL', 'Mandatory_Quality_Flag', 'Gap_Filled_DNB_BRDF_Corrected_NTL', 'Snow_Flag', 'DNB_Lunar_Irradiance', 'Latest_High_Quality_Retrieval', 'QF_Cloud_Mask'}",,True
2013-08-06,"{'DNB_BRDF_Corrected_NTL', 'Mandatory_Quality_Flag', 'Gap_Filled_DNB_BRDF_Corrected_NTL', 'Snow_Flag', 'DNB_Lunar_Irradiance', 'Latest_High_Quality_Retrieval', 'QF_Cloud_Mask'}",,True
2013-08-07,"{'DNB_BRDF_Corrected_NTL', 'Mandatory_Quality_Flag', 'Gap_Filled_DNB_BRDF_Corrected_NTL', 'Snow_Flag', 'DNB_Lunar_Irradiance', 'Latest_High_Quality_Retrieval', 'QF_Cloud_Mask'}",,True
2013-08-08,"{'DNB_BRDF_Corrected_NTL', 'Mandatory_Quality_Flag', 'Gap_Filled_DNB_BRDF_Corrected_NTL', 'Snow_Flag', 'DNB_Lunar_Irradiance', 'Latest_High_Quality_Retrieval', 'QF_Cloud_Mask'}",,True
2013-08-09,"{'DNB_BRDF_Corrected_NTL', 'Mandatory_Quality_Flag', 'Gap_Filled_DNB_BRDF_Corrected_NTL', 'Snow_Flag', 'DNB_Lunar_Irradiance', 'Latest_High_Quality_Retrieval', 'QF_Cloud_Mask'}",,True
2013-08-10,"{'DNB_BRDF_Corrected_NTL', 'Mandatory_Quality_Flag', 'Gap_Filled_DNB_BRDF_Corrected_NTL', 'Snow_Flag', 'DNB_Lunar_Irradiance', 'Latest_High_Quality_Retrieval', 'QF_Cloud_Mask'}",,True
2013-08-11,"{'DNB_BRDF_Corrected_NTL', 'Mandatory_Quality_Flag', 'Gap_Filled_DNB_BRDF_Corrected_NTL', 'Snow_Flag', 'DNB_Lunar_Irradiance', 'Latest_High_Quality_Retrieval', 'QF_Cloud_Mask'}",,True
2013-08-12,"{'DNB_BRDF_Corrected_NTL', 'Mandatory_Quality_Flag', 'Gap_Filled_DNB_BRDF_Corrected_NTL', 'Snow_Flag', 'DNB_Lunar_Irradiance', 'Latest_High_Quality_Retrieval', 'QF_Cloud_Mask'}",,True
2013-08-13,"{'DNB_BRDF_Corrected_NTL', 'Mandatory_Quality_Flag', 'Gap_Filled_DNB_BRDF_Corrected_NTL', 'Snow_Flag', 'DNB_Lunar_Irradiance', 'Latest_High_Quality_Retrieval', 'QF_Cloud_Mask'}",,True
2013-08-14,"{'DNB_BRDF_Corrected_NTL', 'Mandatory_Quality_Flag', 'Gap_Filled_DNB_BRDF_Corrected_NTL', 'Snow_Flag', 'DNB_Lunar_Irradiance', 'Latest_High_Quality_Retrieval', 'QF_Cloud_Mask'}",,True
2013-08-15,"{'DNB_BRDF_Corrected_NTL', 'Mandatory_Quality_Flag', 'Gap_Filled_DNB_BRDF_Corrected_NTL', 'Snow_Flag', 'DNB_Lunar_Irradiance', 'Latest_High_Quality_Retrieval', 'QF_Cloud_Mask'}",,True
2013-08-16,"{'DNB_BRDF_Corrected_NTL', 'Mandatory_Quality_Flag', 'Gap_Filled_DNB_BRDF_Corrected_NTL', 'Snow_Flag', 'DNB_Lunar_Irradiance', 'Latest_High_Quality_Retrieval', 'QF_Cloud_Mask'}",,True
2013-08-17,"{'DNB_BRDF_Corrected_NTL', 'Mandatory_Quality_Flag', 'Gap_Filled_DNB_BRDF_Corrected_NTL', 'Snow_Flag', 'DNB_Lunar_Irradiance', 'Latest_High_Quality_Retrieval', 'QF_Cloud_Mask'}",,True
2013-08-18,"{'DNB_BRDF_Corrected_NTL', 'Mandatory_Quality_Flag', 'Gap_Filled_DNB_BRDF_Corrected_NTL', 'Snow_Flag', 'DNB_Lunar_Irradiance', 'Latest_High_Quality_Retrieval', 'QF_Cloud_Mask'}",,True
2013-08-19,"{'DNB_BRDF_Corrected_NTL', 'Mandatory_Quality_Flag', 'Gap_Filled_DNB_BRDF_Corrected_NTL', 'Snow_Flag', 'DNB_Lunar_Irradiance', 'Latest_High_Quality_Retrieval', 'QF_Cloud_Mask'}",,True
2013-08-20,"{'DNB_BRDF_Corrected_NTL', 'Mandatory_Quality_Flag', 'Gap_Filled_DNB_BRDF_Corrected_NTL', 'Snow_Flag', 'DNB_Lunar_Irradiance', 'Latest_High_Quality_Retrieval', 'QF_Cloud_Mask'}",,True
2013-08-21,"{'DNB_BRDF_Corrected_NTL', 'Mandatory_Quality_Flag', 'Gap_Filled_DNB_BRDF_Corrected_NTL', 'Snow_Flag', 'DNB_Lunar_Irradiance', 'Latest_High_Quality_Retrieval', 'QF_Cloud_Mask'}",,True
2013-08-22,"{'DNB_BRDF_Corrected_NTL', 'Mandatory_Quality_Flag', 'Gap_Filled_DNB_BRDF_Corrected_NTL', 'Snow_Flag', 'DNB_Lunar_Irradiance', 'Latest_High_Quality_Retrieval', 'QF_Cloud_Mask'}",,True
2013-08-23,"{'DNB_BRDF_Corrected_NTL', 'Mandatory_Quality_Flag', 'Gap_Filled_DNB_BRDF_Corrected_NTL', 'Snow_Flag', 'DNB_Lunar_Irradiance', 'Latest_High_Quality_Retrieval', 'QF_Cloud_Mask'}",,True
2013-08-24,"{'DNB_BRDF_Corrected_NTL', 'Mandatory_Quality_Flag', 'Gap_Filled_DNB_BRDF_Corrected_NTL', 'Snow_Flag', 'DNB_Lunar_Irradiance', 'Latest_High_Quality_Retrieval', 'QF_Cloud_Mask'}",,True
2013-08-25,"{'DNB_BRDF_Corrected_NTL', 'Mandatory_Quality_Flag', 'Gap_Filled_DNB_BRDF_Corrected_NTL', 'Snow_Flag', 'DNB_Lunar_Irradiance', 'Latest_High_Quality_Retrieval', 'QF_Cloud_Mask'}",,True
2013-08-26,"{'DNB_BRDF_Corrected_NTL', 'Mandatory_Quality_Flag', 'Gap_Filled_DNB_BRDF_Corrected_NTL', 'Snow_Flag', 'DNB_Lunar_Irradiance', 'Latest_High_Quality_Retrieval', 'QF_Cloud_Mask'}",,True
2013-08-27,"{'DNB_BRDF_Corrected_NTL', 'Mandatory_Quality_Flag', 'Gap_Filled_DNB_BRDF_Corrected_NTL', 'Snow_Flag', 'DNB_Lunar_Irradiance', 'Latest_High_Quality_Retrieval', 'QF_Cloud_Mask'}",,True
2013-08-28,"{'DNB_BRDF_Corrected_NTL', 'Mandatory_Quality_Flag', 'Gap_Filled_DNB_BRDF_Corrected_NTL', 'Snow_Flag', 'DNB_Lunar_Irradiance', 'Latest_High_Quality_Retrieval', 'QF_Cloud_Mask'}",,True
2013-08-29,"{'DNB_BRDF_Corrected_NTL', 'Mandatory_Quality_Flag', 'Gap_Filled_DNB_BRDF_Corrected_NTL', 'Snow_Flag', 'DNB_Lunar_Irradiance', 'Latest_High_Quality_Retrieval', 'QF_Cloud_Mask'}",,True
2013-08-30,"{'DNB_BRDF_Corrected_NTL', 'Mandatory_Quality_Flag', 'Gap_Filled_DNB_BRDF_Corrected_NTL', 'Snow_Flag', 'DNB_Lunar_Irradiance', 'Latest_High_Quality_Retrieval', 'QF_Cloud_Mask'}",,True
2013-08-31,"{'DNB_BRDF_Corrected_NTL', 'Mandatory_Quality_Flag', 'Gap_Filled_DNB_BRDF_Corrected_NTL', 'Snow_Flag', 'DNB_Lunar_Irradiance', 'Latest_High_Quality_Retrieval', 'QF_Cloud_Mask'}",,True
2013-09-01,"{'DNB_BRDF_Corrected_NTL', 'Mandatory_Quality_Flag', 'Gap_Filled_DNB_BRDF_Corrected_NTL', 'Snow_Flag', 'DNB_Lunar_Irradiance', 'Latest_High_Quality_Retrieval', 'QF_Cloud_Mask'}",,True
2013-09-02,"{'DNB_BRDF_Corrected_NTL', 'Mandatory_Quality_Flag', 'Gap_Filled_DNB_BRDF_Corrected_NTL', 'Snow_Flag', 'DNB_Lunar_Irradiance', 'Latest_High_Quality_Retrieval', 'QF_Cloud_Mask'}",,True
2013-09-03,"{'DNB_BRDF_Corrected_NTL', 'Mandatory_Quality_Flag', 'Gap_Filled_DNB_BRDF_Corrected_NTL', 'Snow_Flag', 'DNB_Lunar_Irradiance', 'Latest_High_Quality_Retrieval', 'QF_Cloud_Mask'}",,True
2013-09-04,"{'DNB_BRDF_Corrected_NTL', 'Mandatory_Quality_Flag', 'Gap_Filled_DNB_BRDF_Corrected_NTL', 'Snow_Flag', 'DNB_Lunar_Irradiance', 'Latest_High_Quality_Retrieval', 'QF_Cloud_Mask'}",,True
2013-09-05,"{'DNB_BRDF_Corrected_NTL', 'Mandatory_Quality_Flag', 'Gap_Filled_DNB_BRDF_Corrected_NTL', 'Snow_Flag', 'DNB_Lunar_Irradiance', 'Latest_High_Quality_Retrieval', 'QF_Cloud_Mask'}",,True
2013-09-06,"{'DNB_BRDF_Corrected_NTL', 'Mandatory_Quality_Flag', 'Gap_Filled_DNB_BRDF_Corrected_NTL', 'Snow_Flag', 'DNB_Lunar_Irradiance', 'Latest_High_Quality_Retrieval', 'QF_Cloud_Mask'}",,True
2013-09-07,"{'DNB_BRDF_Corrected_NTL', 'Mandatory_Quality_Flag', 'Gap_Filled_DNB_BRDF_Corrected_NTL', 'Snow_Flag', 'DNB_Lunar_Irradiance', 'Latest_High_Quality_Retrieval', 'QF_Cloud_Mask'}",,True
2013-09-08,"{'DNB_BRDF_Corrected_NTL', 'Mandatory_Quality_Flag', 'Gap_Filled_DNB_BRDF_Corrected_NTL', 'Snow_Flag', 'DNB_Lunar_Irradiance', 'Latest_High_Quality_Retrieval', 'QF_Cloud_Mask'}",,True
2013-09-09,"{'DNB_BRDF_Corrected_NTL', 'Mandatory_Quality_Flag', 'Gap_Filled_DNB_BRDF_Corrected_NTL', 'Snow_Flag', 'DNB_Lunar_Irradiance', 'Latest_High_Quality_Retrieval', 'QF_Cloud_Mask'}",,True
2013-09-10,"{'DNB_BRDF_Corrected_NTL', 'Mandatory_Quality_Flag', 'Gap_Filled_DNB_BRDF_Corrected_NTL', 'Snow_Flag', 'DNB_Lunar_Irradiance', 'Latest_High_Quality_Retrieval', 'QF_Cloud_Mask'}",,True
2013-09-11,"{'DNB_BRDF_Corrected_NTL', 'Mandatory_Quality_Flag', 'Gap_Filled_DNB_BRDF_Corrected_NTL', 'Snow_Flag', 'DNB_Lunar_Irradiance', 'Latest_High_Quality_Retrieval', 'QF_Cloud_Mask'}",,True
2013-09-12,"{'DNB_BRDF_Corrected_NTL', 'Mandatory_Quality_Flag', 'Gap_Filled_DNB_BRDF_Corrected_NTL', 'Snow_Flag', 'DNB_Lunar_Irradiance', 'Latest_High_Quality_Retrieval', 'QF_Cloud_Mask'}",,True
2013-09-13,"{'DNB_BRDF_Corrected_NTL', 'Mandatory_Quality_Flag', 'Gap_Filled_DNB_BRDF_Corrected_NTL', 'Snow_Flag', 'DNB_Lunar_Irradiance', 'Latest_High_Quality_Retrieval', 'QF_Cloud_Mask'}",,True
2013-09-14,"{'DNB_BRDF_Corrected_NTL', 'Mandatory_Quality_Flag', 'Gap_Filled_DNB_BRDF_Corrected_NTL', 'Snow_Flag', 'DNB_Lunar_Irradiance', 'Latest_High_Quality_Retrieval', 'QF_Cloud_Mask'}",,True
2013-09-15,"{'DNB_BRDF_Corrected_NTL', 'Mandatory_Quality_Flag', 'Gap_Filled_DNB_BRDF_Corrected_NTL', 'Snow_Flag', 'DNB_Lunar_Irradiance', 'Latest_High_Quality_Retrieval', 'QF_Cloud_Mask'}",,True
2013-09-16,"{'DNB_BRDF_Corrected_NTL', 'Mandatory_Quality_Flag', 'Gap_Filled_DNB_BRDF_Corrected_NTL', 'Snow_Flag', 'DNB_Lunar_Irradiance', 'Latest_High_Quality_Retrieval', 'QF_Cloud_Mask'}",,True
2013-09-17,"{'DNB_BRDF_Corrected_NTL', 'Mandatory_Quality_Flag', 'Gap_Filled_DNB_BRDF_Corrected_NTL', 'Snow_Flag', 'DNB_Lunar_Irradiance', 'Latest_High_Quality_Retrieval', 'QF_Cloud_Mask'}",,True
2013-09-18,"{'DNB_BRDF_Corrected_NTL', 'Mandatory_Quality_Flag', 'Gap_Filled_DNB_BRDF_Corrected_NTL', 'Snow_Flag', 'DNB_Lunar_Irradiance', 'Latest_High_Quality_Retrieval', 'QF_Cloud_Mask'}",,True
2013-09-19,"{'DNB_BRDF_Corrected_NTL', 'Mandatory_Quality_Flag', 'Gap_Filled_DNB_BRDF_Corrected_NTL', 'Snow_Flag', 'DNB_Lunar_Irradiance', 'Latest_High_Quality_Retrieval', 'QF_Cloud_Mask'}",,True
2013-09-20,"{'DNB_BRDF_Corrected_NTL', 'Mandatory_Quality_Flag', 'Gap_Filled_DNB_BRDF_Corrected_NTL', 'Snow_Flag', 'DNB_Lunar_Irradiance', 'Latest_High_Quality_Retrieval', 'QF_Cloud_Mask'}",,True
2013-09-21,"{'DNB_BRDF_Corrected_NTL', 'Mandatory_Quality_Flag', 'Gap_Filled_DNB_BRDF_Corrected_NTL', 'Snow_Flag', 'DNB_Lunar_Irradiance', 'Latest_High_Quality_Retrieval', 'QF_Cloud_Mask'}",,True
2013-09-22,"{'DNB_BRDF_Corrected_NTL', 'Mandatory_Quality_Flag', 'Gap_Filled_DNB_BRDF_Corrected_NTL', 'Snow_Flag', 'DNB_Lunar_Irradiance', 'Latest_High_Quality_Retrieval', 'QF_Cloud_Mask'}",,True
2013-09-23,"{'DNB_BRDF_Corrected_NTL', 'Mandatory_Quality_Flag', 'Gap_Filled_DNB_BRDF_Corrected_NTL', 'Snow_Flag', 'DNB_Lunar_Irradiance', 'Latest_High_Quality_Retrieval', 'QF_Cloud_Mask'}",,True
2013-09-24,"{'DNB_BRDF_Corrected_NTL', 'Mandatory_Quality_Flag', 'Gap_Filled_DNB_BRDF_Corrected_NTL', 'Snow_Flag', 'DNB_Lunar_Irradiance', 'Latest_High_Quality_Retrieval', 'QF_Cloud_Mask'}",,True
2013-09-25,"{'DNB_BRDF_Corrected_NTL', 'Mandatory_Quality_Flag', 'Gap_Filled_DNB_BRDF_Corrected_NTL', 'Snow_Flag', 'DNB_Lunar_Irradiance', 'Latest_High_Quality_Retrieval', 'QF_Cloud_Mask'}",,True
2013-09-26,"{'DNB_BRDF_Corrected_NTL', 'Mandatory_Quality_Flag', 'Gap_Filled_DNB_BRDF_Corrected_NTL', 'Snow_Flag', 'DNB_Lunar_Irradiance', 'Latest_High_Quality_Retrieval', 'QF_Cloud_Mask'}",,True
2013-09-27,"{'DNB_BRDF_Corrected_NTL', 'Mandatory_Quality_Flag', 'Gap_Filled_DNB_BRDF_Corrected_NTL', 'Snow_Flag', 'DNB_Lunar_Irradiance', 'Latest_High_Quality_Retrieval', 'QF_Cloud_Mask'}",,True
2013-09-28,"{'DNB_BRDF_Corrected_NTL', 'Mandatory_Quality_Flag', 'Gap_Filled_DNB_BRDF_Corrected_NTL', 'Snow_Flag', 'DNB_Lunar_Irradiance', 'Latest_High_Quality_Retrieval', 'QF_Cloud_Mask'}",,True
2013-09-29,"{'DNB_BRDF_Corrected_NTL', 'Mandatory_Quality_Flag', 'Gap_Filled_DNB_BRDF_Corrected_NTL', 'Snow_Flag', 'DNB_Lunar_Irradiance', 'Latest_High_Quality_Retrieval', 'QF_Cloud_Mask'}",,True
2013-09-30,"{'DNB_BRDF_Corrected_NTL', 'Mandatory_Quality_Flag', 'Gap_Filled_DNB_BRDF_Corrected_NTL', 'Snow_Flag', 'DNB_Lunar_Irradiance', 'Latest_High_Quality_Retrieval', 'QF_Cloud_Mask'}",,True
2013-10-01,"{'DNB_BRDF_Corrected_NTL', 'Mandatory_Quality_Flag', 'Gap_Filled_DNB_BRDF_Corrected_NTL', 'Snow_Flag', 'DNB_Lunar_Irradiance', 'Latest_High_Quality_Retrieval', 'QF_Cloud_Mask'}",,True
2013-10-02,"{'DNB_BRDF_Corrected_NTL', 'Mandatory_Quality_Flag', 'Gap_Filled_DNB_BRDF_Corrected_NTL', 'Snow_Flag', 'DNB_Lunar_Irradiance', 'Latest_High_Quality_Retrieval', 'QF_Cloud_Mask'}",,True
2013-10-03,"{'DNB_BRDF_Corrected_NTL', 'Mandatory_Quality_Flag', 'Gap_Filled_DNB_BRDF_Corrected_NTL', 'Snow_Flag', 'DNB_Lunar_Irradiance', 'Latest_High_Quality_Retrieval', 'QF_Cloud_Mask'}",,True
2013-10-04,"{'DNB_BRDF_Corrected_NTL', 'Mandatory_Quality_Flag', 'Gap_Filled_DNB_BRDF_Corrected_NTL', 'Snow_Flag', 'DNB_Lunar_Irradiance', 'Latest_High_Quality_Retrieval', 'QF_Cloud_Mask'}",,True
2013-10-05,"{'DNB_BRDF_Corrected_NTL', 'Mandatory_Quality_Flag', 'Gap_Filled_DNB_BRDF_Corrected_NTL', 'Snow_Flag', 'DNB_Lunar_Irradiance', 'Latest_High_Quality_Retrieval', 'QF_Cloud_Mask'}",,True
2013-10-06,"{'DNB_BRDF_Corrected_NTL', 'Mandatory_Quality_Flag', 'Gap_Filled_DNB_BRDF_Corrected_NTL', 'Snow_Flag', 'DNB_Lunar_Irradiance', 'Latest_High_Quality_Retrieval', 'QF_Cloud_Mask'}",,True
2013-10-07,"{'DNB_BRDF_Corrected_NTL', 'Mandatory_Quality_Flag', 'Gap_Filled_DNB_BRDF_Corrected_NTL', 'Snow_Flag', 'DNB_Lunar_Irradiance', 'Latest_High_Quality_Retrieval', 'QF_Cloud_Mask'}",,True
2013-10-08,"{'DNB_BRDF_Corrected_NTL', 'Mandatory_Quality_Flag', 'Gap_Filled_DNB_BRDF_Corrected_NTL', 'Snow_Flag', 'DNB_Lunar_Irradiance', 'Latest_High_Quality_Retrieval', 'QF_Cloud_Mask'}",,True
2013-10-09,"{'DNB_BRDF_Corrected_NTL', 'Mandatory_Quality_Flag', 'Gap_Filled_DNB_BRDF_Corrected_NTL', 'Snow_Flag', 'DNB_Lunar_Irradiance', 'Latest_High_Quality_Retrieval', 'QF_Cloud_Mask'}",,True
2013-10-10,"{'DNB_BRDF_Corrected_NTL', 'Mandatory_Quality_Flag', 'Gap_Filled_DNB_BRDF_Corrected_NTL', 'Snow_Flag', 'DNB_Lunar_Irradiance', 'Latest_High_Quality_Retrieval', 'QF_Cloud_Mask'}",,True
2013-10-11,"{'DNB_BRDF_Corrected_NTL', 'Mandatory_Quality_Flag', 'Gap_Filled_DNB_BRDF_Corrected_NTL', 'Snow_Flag', 'DNB_Lunar_Irradiance', 'Latest_High_Quality_Retrieval', 'QF_Cloud_Mask'}",,True
2013-10-12,"{'DNB_BRDF_Corrected_NTL', 'Mandatory_Quality_Flag', 'Gap_Filled_DNB_BRDF_Corrected_NTL', 'Snow_Flag', 'DNB_Lunar_Irradiance', 'Latest_High_Quality_Retrieval', 'QF_Cloud_Mask'}",,True
2013-10-13,"{'DNB_BRDF_Corrected_NTL', 'Mandatory_Quality_Flag', 'Gap_Filled_DNB_BRDF_Corrected_NTL', 'Snow_Flag', 'DNB_Lunar_Irradiance', 'Latest_High_Quality_Retrieval', 'QF_Cloud_Mask'}",,True
2013-10-14,"{'DNB_BRDF_Corrected_NTL', 'Mandatory_Quality_Flag', 'Gap_Filled_DNB_BRDF_Corrected_NTL', 'Snow_Flag', 'DNB_Lunar_Irradiance', 'Latest_High_Quality_Retrieval', 'QF_Cloud_Mask'}",,True
2013-10-15,"{'DNB_BRDF_Corrected_NTL', 'Mandatory_Quality_Flag', 'Gap_Filled_DNB_BRDF_Corrected_NTL', 'Snow_Flag', 'DNB_Lunar_Irradiance', 'Latest_High_Quality_Retrieval', 'QF_Cloud_Mask'}",,True
2013-10-16,"{'DNB_BRDF_Corrected_NTL', 'Mandatory_Quality_Flag', 'Gap_Filled_DNB_BRDF_Corrected_NTL', 'Snow_Flag', 'DNB_Lunar_Irradiance', 'Latest_High_Quality_Retrieval', 'QF_Cloud_Mask'}",,True
2013-10-17,"{'DNB_BRDF_Corrected_NTL', 'Mandatory_Quality_Flag', 'Gap_Filled_DNB_BRDF_Corrected_NTL', 'Snow_Flag', 'DNB_Lunar_Irradiance', 'Latest_High_Quality_Retrieval', 'QF_Cloud_Mask'}",,True
2013-10-18,"{'DNB_BRDF_Corrected_NTL', 'Mandatory_Quality_Flag', 'Gap_Filled_DNB_BRDF_Corrected_NTL', 'Snow_Flag', 'DNB_Lunar_Irradiance', 'Latest_High_Quality_Retrieval', 'QF_Cloud_Mask'}",,True
2013-10-19,"{'DNB_BRDF_Corrected_NTL', 'Mandatory_Quality_Flag', 'Gap_Filled_DNB_BRDF_Corrected_NTL', 'Snow_Flag', 'DNB_Lunar_Irradiance', 'Latest_High_Quality_Retrieval', 'QF_Cloud_Mask'}",,True
2013-10-20,"{'DNB_BRDF_Corrected_NTL', 'Mandatory_Quality_Flag', 'Gap_Filled_DNB_BRDF_Corrected_NTL', 'Snow_Flag', 'DNB_Lunar_Irradiance', 'Latest_High_Quality_Retrieval', 'QF_Cloud_Mask'}",,True
2013-10-21,"{'DNB_BRDF_Corrected_NTL', 'Mandatory_Quality_Flag', 'Gap_Filled_DNB_BRDF_Corrected_NTL', 'Snow_Flag', 'DNB_Lunar_Irradiance', 'Latest_High_Quality_Retrieval', 'QF_Cloud_Mask'}",,True
2013-10-22,"{'DNB_BRDF_Corrected_NTL', 'Mandatory_Quality_Flag', 'Gap_Filled_DNB_BRDF_Corrected_NTL', 'Snow_Flag', 'DNB_Lunar_Irradiance', 'Latest_High_Quality_Retrieval', 'QF_Cloud_Mask'}",,True
2013-10-23,"{'DNB_BRDF_Corrected_NTL', 'Mandatory_Quality_Flag', 'Gap_Filled_DNB_BRDF_Corrected_NTL', 'Snow_Flag', 'DNB_Lunar_Irradiance', 'Latest_High_Quality_Retrieval', 'QF_Cloud_Mask'}",,True
2013-10-24,"{'DNB_BRDF_Corrected_NTL', 'Mandatory_Quality_Flag', 'Gap_Filled_DNB_BRDF_Corrected_NTL', 'Snow_Flag', 'DNB_Lunar_Irradiance', 'Latest_High_Quality_Retrieval', 'QF_Cloud_Mask'}",,True
2013-10-25,"{'DNB_BRDF_Corrected_NTL', 'Mandatory_Quality_Flag', 'Gap_Filled_DNB_BRDF_Corrected_NTL', 'Snow_Flag', 'DNB_Lunar_Irradiance', 'Latest_High_Quality_Retrieval', 'QF_Cloud_Mask'}",,True
2013-10-26,"{'DNB_BRDF_Corrected_NTL', 'Mandatory_Quality_Flag', 'Gap_Filled_DNB_BRDF_Corrected_NTL', 'Snow_Flag', 'DNB_Lunar_Irradiance', 'Latest_High_Quality_Retrieval', 'QF_Cloud_Mask'}",,True
2013-10-27,"{'DNB_BRDF_Corrected_NTL', 'Mandatory_Quality_Flag', 'Gap_Filled_DNB_BRDF_Corrected_NTL', 'Snow_Flag', 'DNB_Lunar_Irradiance', 'Latest_High_Quality_Retrieval', 'QF_Cloud_Mask'}",,True
2013-10-28,"{'DNB_BRDF_Corrected_NTL', 'Mandatory_Quality_Flag', 'Gap_Filled_DNB_BRDF_Corrected_NTL', 'Snow_Flag', 'DNB_Lunar_Irradiance', 'Latest_High_Quality_Retrieval', 'QF_Cloud_Mask'}",,True
2013-10-29,"{'DNB_BRDF_Corrected_NTL', 'Mandatory_Quality_Flag', 'Gap_Filled_DNB_BRDF_Corrected_NTL', 'Snow_Flag', 'DNB_Lunar_Irradiance', 'Latest_High_Quality_Retrieval', 'QF_Cloud_Mask'}",,True
2013-10-30,"{'DNB_BRDF_Corrected_NTL', 'Mandatory_Quality_Flag', 'Gap_Filled_DNB_BRDF_Corrected_NTL', 'Snow_Flag', 'DNB_Lunar_Irradiance', 'Latest_High_Quality_Retrieval', 'QF_Cloud_Mask'}",,True
2013-10-31,"{'DNB_BRDF_Corrected_NTL', 'Mandatory_Quality_Flag', 'Gap_Filled_DNB_BRDF_Corrected_NTL', 'Snow_Flag', 'DNB_Lunar_Irradiance', 'Latest_High_Quality_Retrieval', 'QF_Cloud_Mask'}",,True
2013-11-01,"{'DNB_BRDF_Corrected_NTL', 'Mandatory_Quality_Flag', 'Gap_Filled_DNB_BRDF_Corrected_NTL', 'Snow_Flag', 'DNB_Lunar_Irradiance', 'Latest_High_Quality_Retrieval', 'QF_Cloud_Mask'}",,True
2013-11-02,"{'DNB_BRDF_Corrected_NTL', 'Mandatory_Quality_Flag', 'Gap_Filled_DNB_BRDF_Corrected_NTL', 'Snow_Flag', 'DNB_Lunar_Irradiance', 'Latest_High_Quality_Retrieval', 'QF_Cloud_Mask'}",,True
2013-11-03,"{'DNB_BRDF_Corrected_NTL', 'Mandatory_Quality_Flag', 'Gap_Filled_DNB_BRDF_Corrected_NTL', 'Snow_Flag', 'DNB_Lunar_Irradiance', 'Latest_High_Quality_Retrieval', 'QF_Cloud_Mask'}",,True
2013-11-04,"{'DNB_BRDF_Corrected_NTL', 'Mandatory_Quality_Flag', 'Gap_Filled_DNB_BRDF_Corrected_NTL', 'Snow_Flag', 'DNB_Lunar_Irradiance', 'Latest_High_Quality_Retrieval', 'QF_Cloud_Mask'}",,True
2013-11-05,"{'DNB_BRDF_Corrected_NTL', 'Mandatory_Quality_Flag', 'Gap_Filled_DNB_BRDF_Corrected_NTL', 'Snow_Flag', 'DNB_Lunar_Irradiance', 'Latest_High_Quality_Retrieval', 'QF_Cloud_Mask'}",,True
2013-11-06,"{'DNB_BRDF_Corrected_NTL', 'Mandatory_Quality_Flag', 'Gap_Filled_DNB_BRDF_Corrected_NTL', 'Snow_Flag', 'DNB_Lunar_Irradiance', 'Latest_High_Quality_Retrieval', 'QF_Cloud_Mask'}",,True
2013-11-07,"{'DNB_BRDF_Corrected_NTL', 'Mandatory_Quality_Flag', 'Gap_Filled_DNB_BRDF_Corrected_NTL', 'Snow_Flag', 'DNB_Lunar_Irradiance', 'Latest_High_Quality_Retrieval', 'QF_Cloud_Mask'}",,True
2014-05-08,"{'DNB_BRDF_Corrected_NTL', 'Mandatory_Quality_Flag', 'Gap_Filled_DNB_BRDF_Corrected_NTL', 'Snow_Flag', 'DNB_Lunar_Irradiance', 'Latest_High_Quality_Retrieval', 'QF_Cloud_Mask'}",,True
2014-05-09,"{'DNB_BRDF_Corrected_NTL', 'Mandatory_Quality_Flag', 'Gap_Filled_DNB_BRDF_Corrected_NTL', 'Snow_Flag', 'DNB_Lunar_Irradiance', 'Latest_High_Quality_Retrieval', 'QF_Cloud_Mask'}",,True
2014-05-10,"{'DNB_BRDF_Corrected_NTL', 'Mandatory_Quality_Flag', 'Gap_Filled_DNB_BRDF_Corrected_NTL', 'Snow_Flag', 'DNB_Lunar_Irradiance', 'Latest_High_Quality_Retrieval', 'QF_Cloud_Mask'}",,True
2014-05-11,"{'DNB_BRDF_Corrected_NTL', 'Mandatory_Quality_Flag', 'Gap_Filled_DNB_BRDF_Corrected_NTL', 'Snow_Flag', 'DNB_Lunar_Irradiance', 'Latest_High_Quality_Retrieval', 'QF_Cloud_Mask'}",,True
2014-05-12,"{'DNB_BRDF_Corrected_NTL', 'Mandatory_Quality_Flag', 'Gap_Filled_DNB_BRDF_Corrected_NTL', 'Snow_Flag', 'DNB_Lunar_Irradiance', 'Latest_High_Quality_Retrieval', 'QF_Cloud_Mask'}",,True
2014-05-13,"{'DNB_BRDF_Corrected_NTL', 'Mandatory_Quality_Flag', 'Gap_Filled_DNB_BRDF_Corrected_NTL', 'Snow_Flag', 'DNB_Lunar_Irradiance', 'Latest_High_Quality_Retrieval', 'QF_Cloud_Mask'}",,True
2014-05-14,"{'DNB_BRDF_Corrected_NTL', 'Mandatory_Quality_Flag', 'Gap_Filled_DNB_BRDF_Corrected_NTL', 'Snow_Flag', 'DNB_Lunar_Irradiance', 'Latest_High_Quality_Retrieval', 'QF_Cloud_Mask'}",,True
2014-05-15,"{'DNB_BRDF_Corrected_NTL', 'Mandatory_Quality_Flag', 'Gap_Filled_DNB_BRDF_Corrected_NTL', 'Snow_Flag', 'DNB_Lunar_Irradiance', 'Latest_High_Quality_Retrieval', 'QF_Cloud_Mask'}",,True
2014-05-16,"{'DNB_BRDF_Corrected_NTL', 'Mandatory_Quality_Flag', 'Gap_Filled_DNB_BRDF_Corrected_NTL', 'Snow_Flag', 'DNB_Lunar_Irradiance', 'Latest_High_Quality_Retrieval', 'QF_Cloud_Mask'}",,True
2014-05-17,"{'DNB_BRDF_Corrected_NTL', 'Mandatory_Quality_Flag', 'Gap_Filled_DNB_BRDF_Corrected_NTL', 'Snow_Flag', 'DNB_Lunar_Irradiance', 'Latest_High_Quality_Retrieval', 'QF_Cloud_Mask'}",,True
2014-05-18,"{'DNB_BRDF_Corrected_NTL', 'Mandatory_Quality_Flag', 'Gap_Filled_DNB_BRDF_Corrected_NTL', 'Snow_Flag', 'DNB_Lunar_Irradiance', 'Latest_High_Quality_Retrieval', 'QF_Cloud_Mask'}",,True
2014-05-19,"{'DNB_BRDF_Corrected_NTL', 'Mandatory_Quality_Flag', 'Gap_Filled_DNB_BRDF_Corrected_NTL', 'Snow_Flag', 'DNB_Lunar_Irradiance', 'Latest_High_Quality_Retrieval', 'QF_Cloud_Mask'}",,True
2014-05-20,"{'DNB_BRDF_Corrected_NTL', 'Mandatory_Quality_Flag', 'Gap_Filled_DNB_BRDF_Corrected_NTL', 'Snow_Flag', 'DNB_Lunar_Irradiance', 'Latest_High_Quality_Retrieval', 'QF_Cloud_Mask'}",,True
2014-05-21,"{'DNB_BRDF_Corrected_NTL', 'Mandatory_Quality_Flag', 'Gap_Filled_DNB_BRDF_Corrected_NTL', 'Snow_Flag', 'DNB_Lunar_Irradiance', 'Latest_High_Quality_Retrieval', 'QF_Cloud_Mask'}",,True
2014-05-22,"{'DNB_BRDF_Corrected_NTL', 'Mandatory_Quality_Flag', 'Gap_Filled_DNB_BRDF_Corrected_NTL', 'Snow_Flag', 'DNB_Lunar_Irradiance', 'Latest_High_Quality_Retrieval', 'QF_Cloud_Mask'}",,True
2014-05-23,"{'DNB_BRDF_Corrected_NTL', 'Mandatory_Quality_Flag', 'Gap_Filled_DNB_BRDF_Corrected_NTL', 'Snow_Flag', 'DNB_Lunar_Irradiance', 'Latest_High_Quality_Retrieval', 'QF_Cloud_Mask'}",,True
2014-05-24,"{'DNB_BRDF_Corrected_NTL', 'Mandatory_Quality_Flag', 'Gap_Filled_DNB_BRDF_Corrected_NTL', 'Snow_Flag', 'DNB_Lunar_Irradiance', 'Latest_High_Quality_Retrieval', 'QF_Cloud_Mask'}",,True
2014-05-25,"{'DNB_BRDF_Corrected_NTL', 'Mandatory_Quality_Flag', 'Gap_Filled_DNB_BRDF_Corrected_NTL', 'Snow_Flag', 'DNB_Lunar_Irradiance', 'Latest_High_Quality_Retrieval', 'QF_Cloud_Mask'}",,True
2014-05-26,"{'DNB_BRDF_Corrected_NTL', 'Mandatory_Quality_Flag', 'Gap_Filled_DNB_BRDF_Corrected_NTL', 'Snow_Flag', 'DNB_Lunar_Irradiance', 'Latest_High_Quality_Retrieval', 'QF_Cloud_Mask'}",,True
2014-05-27,"{'DNB_BRDF_Corrected_NTL', 'Mandatory_Quality_Flag', 'Gap_Filled_DNB_BRDF_Corrected_NTL', 'Snow_Flag', 'DNB_Lunar_Irradiance', 'Latest_High_Quality_Retrieval', 'QF_Cloud_Mask'}",,True
2014-05-28,"{'DNB_BRDF_Corrected_NTL', 'Mandatory_Quality_Flag', 'Gap_Filled_DNB_BRDF_Corrected_NTL', 'Snow_Flag', 'DNB_Lunar_Irradiance', 'Latest_High_Quality_Retrieval', 'QF_Cloud_Mask'}",,True
2014-05-29,"{'DNB_BRDF_Corrected_NTL', 'Mandatory_Quality_Flag', 'Gap_Filled_DNB_BRDF_Corrected_NTL', 'Snow_Flag', 'DNB_Lunar_Irradiance', 'Latest_High_Quality_Retrieval', 'QF_Cloud_Mask'}",,True
2014-05-30,"{'DNB_BRDF_Corrected_NTL', 'Mandatory_Quality_Flag', 'Gap_Filled_DNB_BRDF_Corrected_NTL', 'Snow_Flag', 'DNB_Lunar_Irradiance', 'Latest_High_Quality_Retrieval', 'QF_Cloud_Mask'}",,True
2014-05-31,"{'DNB_BRDF_Corrected_NTL', 'Mandatory_Quality_Flag', 'Gap_Filled_DNB_BRDF_Corrected_NTL', 'Snow_Flag', 'DNB_Lunar_Irradiance', 'Latest_High_Quality_Retrieval', 'QF_Cloud_Mask'}",,True
2014-06-01,"{'DNB_BRDF_Corrected_NTL', 'Mandatory_Quality_Flag', 'Gap_Filled_DNB_BRDF_Corrected_NTL', 'Snow_Flag', 'DNB_Lunar_Irradiance', 'Latest_High_Quality_Retrieval', 'QF_Cloud_Mask'}",,True
2014-06-02,"{'DNB_BRDF_Corrected_NTL', 'Mandatory_Quality_Flag', 'Gap_Filled_DNB_BRDF_Corrected_NTL', 'Snow_Flag', 'DNB_Lunar_Irradiance', 'Latest_High_Quality_Retrieval', 'QF_Cloud_Mask'}",,True
2014-06-03,"{'DNB_BRDF_Corrected_NTL', 'Mandatory_Quality_Flag', 'Gap_Filled_DNB_BRDF_Corrected_NTL', 'Snow_Flag', 'DNB_Lunar_Irradiance', 'Latest_High_Quality_Retrieval', 'QF_Cloud_Mask'}",,True
2014-06-04,"{'DNB_BRDF_Corrected_NTL', 'Mandatory_Quality_Flag', 'Gap_Filled_DNB_BRDF_Corrected_NTL', 'Snow_Flag', 'DNB_Lunar_Irradiance', 'Latest_High_Quality_Retrieval', 'QF_Cloud_Mask'}",,True
2014-06-05,"{'DNB_BRDF_Corrected_NTL', 'Mandatory_Quality_Flag', 'Gap_Filled_DNB_BRDF_Corrected_NTL', 'Snow_Flag', 'DNB_Lunar_Irradiance', 'Latest_High_Quality_Retrieval', 'QF_Cloud_Mask'}",,True
2014-06-06,"{'DNB_BRDF_Corrected_NTL', 'Mandatory_Quality_Flag', 'Gap_Filled_DNB_BRDF_Corrected_NTL', 'Snow_Flag', 'DNB_Lunar_Irradiance', 'Latest_High_Quality_Retrieval', 'QF_Cloud_Mask'}",,True
2014-06-07,"{'DNB_BRDF_Corrected_NTL', 'Mandatory_Quality_Flag', 'Gap_Filled_DNB_BRDF_Corrected_NTL', 'Snow_Flag', 'DNB_Lunar_Irradiance', 'Latest_High_Quality_Retrieval', 'QF_Cloud_Mask'}",,True
2014-06-08,"{'DNB_BRDF_Corrected_NTL', 'Mandatory_Quality_Flag', 'Gap_Filled_DNB_BRDF_Corrected_NTL', 'Snow_Flag', 'DNB_Lunar_Irradiance', 'Latest_High_Quality_Retrieval', 'QF_Cloud_Mask'}",,True
2014-06-09,"{'DNB_BRDF_Corrected_NTL', 'Mandatory_Quality_Flag', 'Gap_Filled_DNB_BRDF_Corrected_NTL', 'Snow_Flag', 'DNB_Lunar_Irradiance', 'Latest_High_Quality_Retrieval', 'QF_Cloud_Mask'}",,True
2014-06-10,"{'DNB_BRDF_Corrected_NTL', 'Mandatory_Quality_Flag', 'Gap_Filled_DNB_BRDF_Corrected_NTL', 'Snow_Flag', 'DNB_Lunar_Irradiance', 'Latest_High_Quality_Retrieval', 'QF_Cloud_Mask'}",,True
2014-06-11,"{'DNB_BRDF_Corrected_NTL', 'Mandatory_Quality_Flag', 'Gap_Filled_DNB_BRDF_Corrected_NTL', 'Snow_Flag', 'DNB_Lunar_Irradiance', 'Latest_High_Quality_Retrieval', 'QF_Cloud_Mask'}",,True
2014-06-12,"{'DNB_BRDF_Corrected_NTL', 'Mandatory_Quality_Flag', 'Gap_Filled_DNB_BRDF_Corrected_NTL', 'Snow_Flag', 'DNB_Lunar_Irradiance', 'Latest_High_Quality_Retrieval', 'QF_Cloud_Mask'}",,True
2014-06-13,"{'DNB_BRDF_Corrected_NTL', 'Mandatory_Quality_Flag', 'Gap_Filled_DNB_BRDF_Corrected_NTL', 'Snow_Flag', 'DNB_Lunar_Irradiance', 'Latest_High_Quality_Retrieval', 'QF_Cloud_Mask'}",,True
2014-06-14,"{'DNB_BRDF_Corrected_NTL', 'Mandatory_Quality_Flag', 'Gap_Filled_DNB_BRDF_Corrected_NTL', 'Snow_Flag', 'DNB_Lunar_Irradiance', 'Latest_High_Quality_Retrieval', 'QF_Cloud_Mask'}",,True
2014-06-15,"{'DNB_BRDF_Corrected_NTL', 'Mandatory_Quality_Flag', 'Gap_Filled_DNB_BRDF_Corrected_NTL', 'Snow_Flag', 'DNB_Lunar_Irradiance', 'Latest_High_Quality_Retrieval', 'QF_Cloud_Mask'}",,True
2014-06-16,"{'DNB_BRDF_Corrected_NTL', 'Mandatory_Quality_Flag', 'Gap_Filled_DNB_BRDF_Corrected_NTL', 'Snow_Flag', 'DNB_Lunar_Irradiance', 'Latest_High_Quality_Retrieval', 'QF_Cloud_Mask'}",,True
2014-06-17,"{'DNB_BRDF_Corrected_NTL', 'Mandatory_Quality_Flag', 'Gap_Filled_DNB_BRDF_Corrected_NTL', 'Snow_Flag', 'DNB_Lunar_Irradiance', 'Latest_High_Quality_Retrieval', 'QF_Cloud_Mask'}",,True
2014-06-18,"{'DNB_BRDF_Corrected_NTL', 'Mandatory_Quality_Flag', 'Gap_Filled_DNB_BRDF_Corrected_NTL', 'Snow_Flag', 'DNB_Lunar_Irradiance', 'Latest_High_Quality_Retrieval', 'QF_Cloud_Mask'}",,True
2014-06-19,"{'DNB_BRDF_Corrected_NTL', 'Mandatory_Quality_Flag', 'Gap_Filled_DNB_BRDF_Corrected_NTL', 'Snow_Flag', 'DNB_Lunar_Irradiance', 'Latest_High_Quality_Retrieval', 'QF_Cloud_Mask'}",,True
2014-06-20,"{'DNB_BRDF_Corrected_NTL', 'Mandatory_Quality_Flag', 'Gap_Filled_DNB_BRDF_Corrected_NTL', 'Snow_Flag', 'DNB_Lunar_Irradiance', 'Latest_High_Quality_Retrieval', 'QF_Cloud_Mask'}",,True
2014-06-21,"{'DNB_BRDF_Corrected_NTL', 'Mandatory_Quality_Flag', 'Gap_Filled_DNB_BRDF_Corrected_NTL', 'Snow_Flag', 'DNB_Lunar_Irradiance', 'Latest_High_Quality_Retrieval', 'QF_Cloud_Mask'}",,True
2014-06-22,"{'DNB_BRDF_Corrected_NTL', 'Mandatory_Quality_Flag', 'Gap_Filled_DNB_BRDF_Corrected_NTL', 'Snow_Flag', 'DNB_Lunar_Irradiance', 'Latest_High_Quality_Retrieval', 'QF_Cloud_Mask'}",,True
2014-06-23,"{'DNB_BRDF_Corrected_NTL', 'Mandatory_Quality_Flag', 'Gap_Filled_DNB_BRDF_Corrected_NTL', 'Snow_Flag', 'DNB_Lunar_Irradiance', 'Latest_High_Quality_Retrieval', 'QF_Cloud_Mask'}",,True
2014-06-24,"{'DNB_BRDF_Corrected_NTL', 'Mandatory_Quality_Flag', 'Gap_Filled_DNB_BRDF_Corrected_NTL', 'Snow_Flag', 'DNB_Lunar_Irradiance', 'Latest_High_Quality_Retrieval', 'QF_Cloud_Mask'}",,True
2014-06-25,"{'DNB_BRDF_Corrected_NTL', 'Mandatory_Quality_Flag', 'Gap_Filled_DNB_BRDF_Corrected_NTL', 'Snow_Flag', 'DNB_Lunar_Irradiance', 'Latest_High_Quality_Retrieval', 'QF_Cloud_Mask'}",,True
2014-06-26,"{'DNB_BRDF_Corrected_NTL', 'Mandatory_Quality_Flag', 'Gap_Filled_DNB_BRDF_Corrected_NTL', 'Snow_Flag', 'DNB_Lunar_Irradiance', 'Latest_High_Quality_Retrieval', 'QF_Cloud_Mask'}",,True
2014-06-27,"{'DNB_BRDF_Corrected_NTL', 'Mandatory_Quality_Flag', 'Gap_Filled_DNB_BRDF_Corrected_NTL', 'Snow_Flag', 'DNB_Lunar_Irradiance', 'Latest_High_Quality_Retrieval', 'QF_Cloud_Mask'}",,True
2014-06-28,"{'DNB_BRDF_Corrected_NTL', 'Mandatory_Quality_Flag', 'Gap_Filled_DNB_BRDF_Corrected_NTL', 'Snow_Flag', 'DNB_Lunar_Irradiance', 'Latest_High_Quality_Retrieval', 'QF_Cloud_Mask'}",,True
2014-06-29,"{'DNB_BRDF_Corrected_NTL', 'Mandatory_Quality_Flag', 'Gap_Filled_DNB_BRDF_Corrected_NTL', 'Snow_Flag', 'DNB_Lunar_Irradiance', 'Latest_High_Quality_Retrieval', 'QF_Cloud_Mask'}",,True
2014-06-30,"{'DNB_BRDF_Corrected_NTL', 'Mandatory_Quality_Flag', 'Gap_Filled_DNB_BRDF_Corrected_NTL', 'Snow_Flag', 'DNB_Lunar_Irradiance', 'Latest_High_Quality_Retrieval', 'QF_Cloud_Mask'}",,True
2014-07-01,"{'DNB_BRDF_Corrected_NTL', 'Mandatory_Quality_Flag', 'Gap_Filled_DNB_BRDF_Corrected_NTL', 'Snow_Flag', 'DNB_Lunar_Irradiance', 'Latest_High_Quality_Retrieval', 'QF_Cloud_Mask'}",,True
2014-07-02,"{'DNB_BRDF_Corrected_NTL', 'Mandatory_Quality_Flag', 'Gap_Filled_DNB_BRDF_Corrected_NTL', 'Snow_Flag', 'DNB_Lunar_Irradiance', 'Latest_High_Quality_Retrieval', 'QF_Cloud_Mask'}",,True
2014-07-03,"{'DNB_BRDF_Corrected_NTL', 'Mandatory_Quality_Flag', 'Gap_Filled_DNB_BRDF_Corrected_NTL', 'Snow_Flag', 'DNB_Lunar_Irradiance', 'Latest_High_Quality_Retrieval', 'QF_Cloud_Mask'}",,True
2014-07-04,"{'DNB_BRDF_Corrected_NTL', 'Mandatory_Quality_Flag', 'Gap_Filled_DNB_BRDF_Corrected_NTL', 'Snow_Flag', 'DNB_Lunar_Irradiance', 'Latest_High_Quality_Retrieval', 'QF_Cloud_Mask'}",,True
2014-07-05,"{'DNB_BRDF_Corrected_NTL', 'Mandatory_Quality_Flag', 'Gap_Filled_DNB_BRDF_Corrected_NTL', 'Snow_Flag', 'DNB_Lunar_Irradiance', 'Latest_High_Quality_Retrieval', 'QF_Cloud_Mask'}",,True
2014-07-06,"{'DNB_BRDF_Corrected_NTL', 'Mandatory_Quality_Flag', 'Gap_Filled_DNB_BRDF_Corrected_NTL', 'Snow_Flag', 'DNB_Lunar_Irradiance', 'Latest_High_Quality_Retrieval', 'QF_Cloud_Mask'}",,True
2014-07-07,"{'DNB_BRDF_Corrected_NTL', 'Mandatory_Quality_Flag', 'Gap_Filled_DNB_BRDF_Corrected_NTL', 'Snow_Flag', 'DNB_Lunar_Irradiance', 'Latest_High_Quality_Retrieval', 'QF_Cloud_Mask'}",,True
2014-07-08,"{'DNB_BRDF_Corrected_NTL', 'Mandatory_Quality_Flag', 'Gap_Filled_DNB_BRDF_Corrected_NTL', 'Snow_Flag', 'DNB_Lunar_Irradiance', 'Latest_High_Quality_Retrieval', 'QF_Cloud_Mask'}",,True
2014-07-09,"{'DNB_BRDF_Corrected_NTL', 'Mandatory_Quality_Flag', 'Gap_Filled_DNB_BRDF_Corrected_NTL', 'Snow_Flag', 'DNB_Lunar_Irradiance', 'Latest_High_Quality_Retrieval', 'QF_Cloud_Mask'}",,True
2014-07-10,"{'DNB_BRDF_Corrected_NTL', 'Mandatory_Quality_Flag', 'Gap_Filled_DNB_BRDF_Corrected_NTL', 'Snow_Flag', 'DNB_Lunar_Irradiance', 'Latest_High_Quality_Retrieval', 'QF_Cloud_Mask'}",,True
2014-07-11,"{'DNB_BRDF_Corrected_NTL', 'Mandatory_Quality_Flag', 'Gap_Filled_DNB_BRDF_Corrected_NTL', 'Snow_Flag', 'DNB_Lunar_Irradiance', 'Latest_High_Quality_Retrieval', 'QF_Cloud_Mask'}",,True
2014-07-12,"{'DNB_BRDF_Corrected_NTL', 'Mandatory_Quality_Flag', 'Gap_Filled_DNB_BRDF_Corrected_NTL', 'Snow_Flag', 'DNB_Lunar_Irradiance', 'Latest_High_Quality_Retrieval', 'QF_Cloud_Mask'}",,True
2014-07-13,"{'DNB_BRDF_Corrected_NTL', 'Mandatory_Quality_Flag', 'Gap_Filled_DNB_BRDF_Corrected_NTL', 'Snow_Flag', 'DNB_Lunar_Irradiance', 'Latest_High_Quality_Retrieval', 'QF_Cloud_Mask'}",,True
2014-07-14,"{'DNB_BRDF_Corrected_NTL', 'Mandatory_Quality_Flag', 'Gap_Filled_DNB_BRDF_Corrected_NTL', 'Snow_Flag', 'DNB_Lunar_Irradiance', 'Latest_High_Quality_Retrieval', 'QF_Cloud_Mask'}",,True
2014-07-15,"{'DNB_BRDF_Corrected_NTL', 'Mandatory_Quality_Flag', 'Gap_Filled_DNB_BRDF_Corrected_NTL', 'Snow_Flag', 'DNB_Lunar_Irradiance', 'Latest_High_Quality_Retrieval', 'QF_Cloud_Mask'}",,True
2014-07-16,"{'DNB_BRDF_Corrected_NTL', 'Mandatory_Quality_Flag', 'Gap_Filled_DNB_BRDF_Corrected_NTL', 'Snow_Flag', 'DNB_Lunar_Irradiance', 'Latest_High_Quality_Retrieval', 'QF_Cloud_Mask'}",,True
2014-07-17,"{'DNB_BRDF_Corrected_NTL', 'Mandatory_Quality_Flag', 'Gap_Filled_DNB_BRDF_Corrected_NTL', 'Snow_Flag', 'DNB_Lunar_Irradiance', 'Latest_High_Quality_Retrieval', 'QF_Cloud_Mask'}",,True
2014-07-18,"{'DNB_BRDF_Corrected_NTL', 'Mandatory_Quality_Flag', 'Gap_Filled_DNB_BRDF_Corrected_NTL', 'Snow_Flag', 'DNB_Lunar_Irradiance', 'Latest_High_Quality_Retrieval', 'QF_Cloud_Mask'}",,True
2014-07-19,"{'DNB_BRDF_Corrected_NTL', 'Mandatory_Quality_Flag', 'Gap_Filled_DNB_BRDF_Corrected_NTL', 'Snow_Flag', 'DNB_Lunar_Irradiance', 'Latest_High_Quality_Retrieval', 'QF_Cloud_Mask'}",,True
2014-07-20,"{'DNB_BRDF_Corrected_NTL', 'Mandatory_Quality_Flag', 'Gap_Filled_DNB_BRDF_Corrected_NTL', 'Snow_Flag', 'DNB_Lunar_Irradiance', 'Latest_High_Quality_Retrieval', 'QF_Cloud_Mask'}",,True
2014-07-21,"{'DNB_BRDF_Corrected_NTL', 'Mandatory_Quality_Flag', 'Gap_Filled_DNB_BRDF_Corrected_NTL', 'Snow_Flag', 'DNB_Lunar_Irradiance', 'Latest_High_Quality_Retrieval', 'QF_Cloud_Mask'}",,True
2014-07-22,"{'DNB_BRDF_Corrected_NTL', 'Mandatory_Quality_Flag', 'Gap_Filled_DNB_BRDF_Corrected_NTL', 'Snow_Flag', 'DNB_Lunar_Irradiance', 'Latest_High_Quality_Retrieval', 'QF_Cloud_Mask'}",,True
2014-07-23,"{'DNB_BRDF_Corrected_NTL', 'Mandatory_Quality_Flag', 'Gap_Filled_DNB_BRDF_Corrected_NTL', 'Snow_Flag', 'DNB_Lunar_Irradiance', 'Latest_High_Quality_Retrieval', 'QF_Cloud_Mask'}",,True
2014-07-24,"{'DNB_BRDF_Corrected_NTL', 'Mandatory_Quality_Flag', 'Gap_Filled_DNB_BRDF_Corrected_NTL', 'Snow_Flag', 'DNB_Lunar_Irradiance', 'Latest_High_Quality_Retrieval', 'QF_Cloud_Mask'}",,True
2014-07-25,"{'DNB_BRDF_Corrected_NTL', 'Mandatory_Quality_Flag', 'Gap_Filled_DNB_BRDF_Corrected_NTL', 'Snow_Flag', 'DNB_Lunar_Irradiance', 'Latest_High_Quality_Retrieval', 'QF_Cloud_Mask'}",,True
2014-07-26,"{'DNB_BRDF_Corrected_NTL', 'Mandatory_Quality_Flag', 'Gap_Filled_DNB_BRDF_Corrected_NTL', 'Snow_Flag', 'DNB_Lunar_Irradiance', 'Latest_High_Quality_Retrieval', 'QF_Cloud_Mask'}",,True
2014-07-27,"{'DNB_BRDF_Corrected_NTL', 'Mandatory_Quality_Flag', 'Gap_Filled_DNB_BRDF_Corrected_NTL', 'Snow_Flag', 'DNB_Lunar_Irradiance', 'Latest_High_Quality_Retrieval', 'QF_Cloud_Mask'}",,True
2014-07-28,"{'DNB_BRDF_Corrected_NTL', 'Mandatory_Quality_Flag', 'Gap_Filled_DNB_BRDF_Corrected_NTL', 'Snow_Flag', 'DNB_Lunar_Irradiance', 'Latest_High_Quality_Retrieval', 'QF_Cloud_Mask'}",,True
2014-07-29,"{'DNB_BRDF_Corrected_NTL', 'Mandatory_Quality_Flag', 'Gap_Filled_DNB_BRDF_Corrected_NTL', 'Snow_Flag', 'DNB_Lunar_Irradiance', 'Latest_High_Quality_Retrieval', 'QF_Cloud_Mask'}",,True
2014-07-30,"{'DNB_BRDF_Corrected_NTL', 'Mandatory_Quality_Flag', 'Gap_Filled_DNB_BRDF_Corrected_NTL', 'Snow_Flag', 'DNB_Lunar_Irradiance', 'Latest_High_Quality_Retrieval', 'QF_Cloud_Mask'}",,True
2014-07-31,"{'DNB_BRDF_Corrected_NTL', 'Mandatory_Quality_Flag', 'Gap_Filled_DNB_BRDF_Corrected_NTL', 'Snow_Flag', 'DNB_Lunar_Irradiance', 'Latest_High_Quality_Retrieval', 'QF_Cloud_Mask'}",,True
2014-08-01,"{'DNB_BRDF_Corrected_NTL', 'Mandatory_Quality_Flag', 'Gap_Filled_DNB_BRDF_Corrected_NTL', 'Snow_Flag', 'DNB_Lunar_Irradiance', 'Latest_High_Quality_Retrieval', 'QF_Cloud_Mask'}",,True
2014-08-02,"{'DNB_BRDF_Corrected_NTL', 'Mandatory_Quality_Flag', 'Gap_Filled_DNB_BRDF_Corrected_NTL', 'Snow_Flag', 'DNB_Lunar_Irradiance', 'Latest_High_Quality_Retrieval', 'QF_Cloud_Mask'}",,True
2014-08-03,"{'DNB_BRDF_Corrected_NTL', 'Mandatory_Quality_Flag', 'Gap_Filled_DNB_BRDF_Corrected_NTL', 'Snow_Flag', 'DNB_Lunar_Irradiance', 'Latest_High_Quality_Retrieval', 'QF_Cloud_Mask'}",,True
2014-08-04,"{'DNB_BRDF_Corrected_NTL', 'Mandatory_Quality_Flag', 'Gap_Filled_DNB_BRDF_Corrected_NTL', 'Snow_Flag', 'DNB_Lunar_Irradiance', 'Latest_High_Quality_Retrieval', 'QF_Cloud_Mask'}",,True
2014-08-05,"{'DNB_BRDF_Corrected_NTL', 'Mandatory_Quality_Flag', 'Gap_Filled_DNB_BRDF_Corrected_NTL', 'Snow_Flag', 'DNB_Lunar_Irradiance', 'Latest_High_Quality_Retrieval', 'QF_Cloud_Mask'}",,True
2014-08-06,"{'DNB_BRDF_Corrected_NTL', 'Mandatory_Quality_Flag', 'Gap_Filled_DNB_BRDF_Corrected_NTL', 'Snow_Flag', 'DNB_Lunar_Irradiance', 'Latest_High_Quality_Retrieval', 'QF_Cloud_Mask'}",,True
2014-08-07,"{'DNB_BRDF_Corrected_NTL', 'Mandatory_Quality_Flag', 'Gap_Filled_DNB_BRDF_Corrected_NTL', 'Snow_Flag', 'DNB_Lunar_Irradiance', 'Latest_High_Quality_Retrieval', 'QF_Cloud_Mask'}",,True
2014-08-08,"{'DNB_BRDF_Corrected_NTL', 'Mandatory_Quality_Flag', 'Gap_Filled_DNB_BRDF_Corrected_NTL', 'Snow_Flag', 'DNB_Lunar_Irradiance', 'Latest_High_Quality_Retrieval', 'QF_Cloud_Mask'}",,True
2014-08-09,"{'DNB_BRDF_Corrected_NTL', 'Mandatory_Quality_Flag', 'Gap_Filled_DNB_BRDF_Corrected_NTL', 'Snow_Flag', 'DNB_Lunar_Irradiance', 'Latest_High_Quality_Retrieval', 'QF_Cloud_Mask'}",,True
2014-08-10,"{'DNB_BRDF_Corrected_NTL', 'Mandatory_Quality_Flag', 'Gap_Filled_DNB_BRDF_Corrected_NTL', 'Snow_Flag', 'DNB_Lunar_Irradiance', 'Latest_High_Quality_Retrieval', 'QF_Cloud_Mask'}",,True
2014-08-11,"{'DNB_BRDF_Corrected_NTL', 'Mandatory_Quality_Flag', 'Gap_Filled_DNB_BRDF_Corrected_NTL', 'Snow_Flag', 'DNB_Lunar_Irradiance', 'Latest_High_Quality_Retrieval', 'QF_Cloud_Mask'}",,True
2014-08-12,"{'DNB_BRDF_Corrected_NTL', 'Mandatory_Quality_Flag', 'Gap_Filled_DNB_BRDF_Corrected_NTL', 'Snow_Flag', 'DNB_Lunar_Irradiance', 'Latest_High_Quality_Retrieval', 'QF_Cloud_Mask'}",,True
2014-08-13,"{'DNB_BRDF_Corrected_NTL', 'Mandatory_Quality_Flag', 'Gap_Filled_DNB_BRDF_Corrected_NTL', 'Snow_Flag', 'DNB_Lunar_Irradiance', 'Latest_High_Quality_Retrieval', 'QF_Cloud_Mask'}",,True
2014-08-14,"{'DNB_BRDF_Corrected_NTL', 'Mandatory_Quality_Flag', 'Gap_Filled_DNB_BRDF_Corrected_NTL', 'Snow_Flag', 'DNB_Lunar_Irradiance', 'Latest_High_Quality_Retrieval', 'QF_Cloud_Mask'}",,True
2014-08-15,"{'DNB_BRDF_Corrected_NTL', 'Mandatory_Quality_Flag', 'Gap_Filled_DNB_BRDF_Corrected_NTL', 'Snow_Flag', 'DNB_Lunar_Irradiance', 'Latest_High_Quality_Retrieval', 'QF_Cloud_Mask'}",,True
2014-08-16,"{'DNB_BRDF_Corrected_NTL', 'Mandatory_Quality_Flag', 'Gap_Filled_DNB_BRDF_Corrected_NTL', 'Snow_Flag', 'DNB_Lunar_Irradiance', 'Latest_High_Quality_Retrieval', 'QF_Cloud_Mask'}",,True
2014-08-17,"{'DNB_BRDF_Corrected_NTL', 'Mandatory_Quality_Flag', 'Gap_Filled_DNB_BRDF_Corrected_NTL', 'Snow_Flag', 'DNB_Lunar_Irradiance', 'Latest_High_Quality_Retrieval', 'QF_Cloud_Mask'}",,True
2014-08-18,"{'DNB_BRDF_Corrected_NTL', 'Mandatory_Quality_Flag', 'Gap_Filled_DNB_BRDF_Corrected_NTL', 'Snow_Flag', 'DNB_Lunar_Irradiance', 'Latest_High_Quality_Retrieval', 'QF_Cloud_Mask'}",,True
2014-08-19,"{'DNB_BRDF_Corrected_NTL', 'Mandatory_Quality_Flag', 'Gap_Filled_DNB_BRDF_Corrected_NTL', 'Snow_Flag', 'DNB_Lunar_Irradiance', 'Latest_High_Quality_Retrieval', 'QF_Cloud_Mask'}",,True
2014-08-20,"{'DNB_BRDF_Corrected_NTL', 'Mandatory_Quality_Flag', 'Gap_Filled_DNB_BRDF_Corrected_NTL', 'Snow_Flag', 'DNB_Lunar_Irradiance', 'Latest_High_Quality_Retrieval', 'QF_Cloud_Mask'}",,True
2014-08-21,"{'DNB_BRDF_Corrected_NTL', 'Mandatory_Quality_Flag', 'Gap_Filled_DNB_BRDF_Corrected_NTL', 'Snow_Flag', 'DNB_Lunar_Irradiance', 'Latest_High_Quality_Retrieval', 'QF_Cloud_Mask'}",,True
2014-08-22,"{'DNB_BRDF_Corrected_NTL', 'Mandatory_Quality_Flag', 'Gap_Filled_DNB_BRDF_Corrected_NTL', 'Snow_Flag', 'DNB_Lunar_Irradiance', 'Latest_High_Quality_Retrieval', 'QF_Cloud_Mask'}",,True
2014-08-23,"{'DNB_BRDF_Corrected_NTL', 'Mandatory_Quality_Flag', 'Gap_Filled_DNB_BRDF_Corrected_NTL', 'Snow_Flag', 'DNB_Lunar_Irradiance', 'Latest_High_Quality_Retrieval', 'QF_Cloud_Mask'}",,True
2014-08-24,"{'DNB_BRDF_Corrected_NTL', 'Mandatory_Quality_Flag', 'Gap_Filled_DNB_BRDF_Corrected_NTL', 'Snow_Flag', 'DNB_Lunar_Irradiance', 'Latest_High_Quality_Retrieval', 'QF_Cloud_Mask'}",,True
2014-08-25,"{'DNB_BRDF_Corrected_NTL', 'Mandatory_Quality_Flag', 'Gap_Filled_DNB_BRDF_Corrected_NTL', 'Snow_Flag', 'DNB_Lunar_Irradiance', 'Latest_High_Quality_Retrieval', 'QF_Cloud_Mask'}",,True
2014-08-26,"{'DNB_BRDF_Corrected_NTL', 'Mandatory_Quality_Flag', 'Gap_Filled_DNB_BRDF_Corrected_NTL', 'Snow_Flag', 'DNB_Lunar_Irradiance', 'Latest_High_Quality_Retrieval', 'QF_Cloud_Mask'}",,True
2014-08-27,"{'DNB_BRDF_Corrected_NTL', 'Mandatory_Quality_Flag', 'Gap_Filled_DNB_BRDF_Corrected_NTL', 'Snow_Flag', 'DNB_Lunar_Irradiance', 'Latest_High_Quality_Retrieval', 'QF_Cloud_Mask'}",,True
2014-08-28,"{'DNB_BRDF_Corrected_NTL', 'Mandatory_Quality_Flag', 'Gap_Filled_DNB_BRDF_Corrected_NTL', 'Snow_Flag', 'DNB_Lunar_Irradiance', 'Latest_High_Quality_Retrieval', 'QF_Cloud_Mask'}",,True
2014-08-29,"{'DNB_BRDF_Corrected_NTL', 'Mandatory_Quality_Flag', 'Gap_Filled_DNB_BRDF_Corrected_NTL', 'Snow_Flag', 'DNB_Lunar_Irradiance', 'Latest_High_Quality_Retrieval', 'QF_Cloud_Mask'}",,True
2014-08-30,"{'DNB_BRDF_Corrected_NTL', 'Mandatory_Quality_Flag', 'Gap_Filled_DNB_BRDF_Corrected_NTL', 'Snow_Flag', 'DNB_Lunar_Irradiance', 'Latest_High_Quality_Retrieval', 'QF_Cloud_Mask'}",,True
2014-08-31,"{'DNB_BRDF_Corrected_NTL', 'Mandatory_Quality_Flag', 'Gap_Filled_DNB_BRDF_Corrected_NTL', 'Snow_Flag', 'DNB_Lunar_Irradiance', 'Latest_High_Quality_Retrieval', 'QF_Cloud_Mask'}",,True
2014-09-01,"{'DNB_BRDF_Corrected_NTL', 'Mandatory_Quality_Flag', 'Gap_Filled_DNB_BRDF_Corrected_NTL', 'Snow_Flag', 'DNB_Lunar_Irradiance', 'Latest_High_Quality_Retrieval', 'QF_Cloud_Mask'}",,True
2014-09-02,"{'DNB_BRDF_Corrected_NTL', 'Mandatory_Quality_Flag', 'Gap_Filled_DNB_BRDF_Corrected_NTL', 'Snow_Flag', 'DNB_Lunar_Irradiance', 'Latest_High_Quality_Retrieval', 'QF_Cloud_Mask'}",,True
2014-09-03,"{'DNB_BRDF_Corrected_NTL', 'Mandatory_Quality_Flag', 'Gap_Filled_DNB_BRDF_Corrected_NTL', 'Snow_Flag', 'DNB_Lunar_Irradiance', 'Latest_High_Quality_Retrieval', 'QF_Cloud_Mask'}",,True
2014-09-04,"{'DNB_BRDF_Corrected_NTL', 'Mandatory_Quality_Flag', 'Gap_Filled_DNB_BRDF_Corrected_NTL', 'Snow_Flag', 'DNB_Lunar_Irradiance', 'Latest_High_Quality_Retrieval', 'QF_Cloud_Mask'}",,True
2014-09-05,"{'DNB_BRDF_Corrected_NTL', 'Mandatory_Quality_Flag', 'Gap_Filled_DNB_BRDF_Corrected_NTL', 'Snow_Flag', 'DNB_Lunar_Irradiance', 'Latest_High_Quality_Retrieval', 'QF_Cloud_Mask'}",,True
2014-09-06,"{'DNB_BRDF_Corrected_NTL', 'Mandatory_Quality_Flag', 'Gap_Filled_DNB_BRDF_Corrected_NTL', 'Snow_Flag', 'DNB_Lunar_Irradiance', 'Latest_High_Quality_Retrieval', 'QF_Cloud_Mask'}",,True
2014-09-07,"{'DNB_BRDF_Corrected_NTL', 'Mandatory_Quality_Flag', 'Gap_Filled_DNB_BRDF_Corrected_NTL', 'Snow_Flag', 'DNB_Lunar_Irradiance', 'Latest_High_Quality_Retrieval', 'QF_Cloud_Mask'}",,True
2014-09-08,"{'DNB_BRDF_Corrected_NTL', 'Mandatory_Quality_Flag', 'Gap_Filled_DNB_BRDF_Corrected_NTL', 'Snow_Flag', 'DNB_Lunar_Irradiance', 'Latest_High_Quality_Retrieval', 'QF_Cloud_Mask'}",,True
2014-09-09,"{'DNB_BRDF_Corrected_NTL', 'Mandatory_Quality_Flag', 'Gap_Filled_DNB_BRDF_Corrected_NTL', 'Snow_Flag', 'DNB_Lunar_Irradiance', 'Latest_High_Quality_Retrieval', 'QF_Cloud_Mask'}",,True
2014-09-10,"{'DNB_BRDF_Corrected_NTL', 'Mandatory_Quality_Flag', 'Gap_Filled_DNB_BRDF_Corrected_NTL', 'Snow_Flag', 'DNB_Lunar_Irradiance', 'Latest_High_Quality_Retrieval', 'QF_Cloud_Mask'}",,True
2014-09-11,"{'DNB_BRDF_Corrected_NTL', 'Mandatory_Quality_Flag', 'Gap_Filled_DNB_BRDF_Corrected_NTL', 'Snow_Flag', 'DNB_Lunar_Irradiance', 'Latest_High_Quality_Retrieval', 'QF_Cloud_Mask'}",,True
2014-09-12,"{'DNB_BRDF_Corrected_NTL', 'Mandatory_Quality_Flag', 'Gap_Filled_DNB_BRDF_Corrected_NTL', 'Snow_Flag', 'DNB_Lunar_Irradiance', 'Latest_High_Quality_Retrieval', 'QF_Cloud_Mask'}",,True
2014-09-13,"{'DNB_BRDF_Corrected_NTL', 'Mandatory_Quality_Flag', 'Gap_Filled_DNB_BRDF_Corrected_NTL', 'Snow_Flag', 'DNB_Lunar_Irradiance', 'Latest_High_Quality_Retrieval', 'QF_Cloud_Mask'}",,True
2014-09-14,"{'DNB_BRDF_Corrected_NTL', 'Mandatory_Quality_Flag', 'Gap_Filled_DNB_BRDF_Corrected_NTL', 'Snow_Flag', 'DNB_Lunar_Irradiance', 'Latest_High_Quality_Retrieval', 'QF_Cloud_Mask'}",,True
2014-09-15,"{'DNB_BRDF_Corrected_NTL', 'Mandatory_Quality_Flag', 'Gap_Filled_DNB_BRDF_Corrected_NTL', 'Snow_Flag', 'DNB_Lunar_Irradiance', 'Latest_High_Quality_Retrieval', 'QF_Cloud_Mask'}",,True
2014-09-16,"{'DNB_BRDF_Corrected_NTL', 'Mandatory_Quality_Flag', 'Gap_Filled_DNB_BRDF_Corrected_NTL', 'Snow_Flag', 'DNB_Lunar_Irradiance', 'Latest_High_Quality_Retrieval', 'QF_Cloud_Mask'}",,True
2014-09-17,"{'DNB_BRDF_Corrected_NTL', 'Mandatory_Quality_Flag', 'Gap_Filled_DNB_BRDF_Corrected_NTL', 'Snow_Flag', 'DNB_Lunar_Irradiance', 'Latest_High_Quality_Retrieval', 'QF_Cloud_Mask'}",,True
2014-09-18,"{'DNB_BRDF_Corrected_NTL', 'Mandatory_Quality_Flag', 'Gap_Filled_DNB_BRDF_Corrected_NTL', 'Snow_Flag', 'DNB_Lunar_Irradiance', 'Latest_High_Quality_Retrieval', 'QF_Cloud_Mask'}",,True
2014-09-19,"{'DNB_BRDF_Corrected_NTL', 'Mandatory_Quality_Flag', 'Gap_Filled_DNB_BRDF_Corrected_NTL', 'Snow_Flag', 'DNB_Lunar_Irradiance', 'Latest_High_Quality_Retrieval', 'QF_Cloud_Mask'}",,True
2014-09-20,"{'DNB_BRDF_Corrected_NTL', 'Mandatory_Quality_Flag', 'Gap_Filled_DNB_BRDF_Corrected_NTL', 'Snow_Flag', 'DNB_Lunar_Irradiance', 'Latest_High_Quality_Retrieval', 'QF_Cloud_Mask'}",,True
2014-09-21,"{'DNB_BRDF_Corrected_NTL', 'Mandatory_Quality_Flag', 'Gap_Filled_DNB_BRDF_Corrected_NTL', 'Snow_Flag', 'DNB_Lunar_Irradiance', 'Latest_High_Quality_Retrieval', 'QF_Cloud_Mask'}",,True
2014-09-22,"{'DNB_BRDF_Corrected_NTL', 'Mandatory_Quality_Flag', 'Gap_Filled_DNB_BRDF_Corrected_NTL', 'Snow_Flag', 'DNB_Lunar_Irradiance', 'Latest_High_Quality_Retrieval', 'QF_Cloud_Mask'}",,True
2014-09-23,"{'DNB_BRDF_Corrected_NTL', 'Mandatory_Quality_Flag', 'Gap_Filled_DNB_BRDF_Corrected_NTL', 'Snow_Flag', 'DNB_Lunar_Irradiance', 'Latest_High_Quality_Retrieval', 'QF_Cloud_Mask'}",,True
2014-09-24,"{'DNB_BRDF_Corrected_NTL', 'Mandatory_Quality_Flag', 'Gap_Filled_DNB_BRDF_Corrected_NTL', 'Snow_Flag', 'DNB_Lunar_Irradiance', 'Latest_High_Quality_Retrieval', 'QF_Cloud_Mask'}",,True
2014-09-25,"{'DNB_BRDF_Corrected_NTL', 'Mandatory_Quality_Flag', 'Gap_Filled_DNB_BRDF_Corrected_NTL', 'Snow_Flag', 'DNB_Lunar_Irradiance', 'Latest_High_Quality_Retrieval', 'QF_Cloud_Mask'}",,True
2014-09-26,"{'DNB_BRDF_Corrected_NTL', 'Mandatory_Quality_Flag', 'Gap_Filled_DNB_BRDF_Corrected_NTL', 'Snow_Flag', 'DNB_Lunar_Irradiance', 'Latest_High_Quality_Retrieval', 'QF_Cloud_Mask'}",,True
2014-09-27,"{'DNB_BRDF_Corrected_NTL', 'Mandatory_Quality_Flag', 'Gap_Filled_DNB_BRDF_Corrected_NTL', 'Snow_Flag', 'DNB_Lunar_Irradiance', 'Latest_High_Quality_Retrieval', 'QF_Cloud_Mask'}",,True
2014-09-28,"{'DNB_BRDF_Corrected_NTL', 'Mandatory_Quality_Flag', 'Gap_Filled_DNB_BRDF_Corrected_NTL', 'Snow_Flag', 'DNB_Lunar_Irradiance', 'Latest_High_Quality_Retrieval', 'QF_Cloud_Mask'}",,True
2014-09-29,"{'DNB_BRDF_Corrected_NTL', 'Mandatory_Quality_Flag', 'Gap_Filled_DNB_BRDF_Corrected_NTL', 'Snow_Flag', 'DNB_Lunar_Irradiance', 'Latest_High_Quality_Retrieval', 'QF_Cloud_Mask'}",,True
2014-09-30,"{'DNB_BRDF_Corrected_NTL', 'Mandatory_Quality_Flag', 'Gap_Filled_DNB_BRDF_Corrected_NTL', 'Snow_Flag', 'DNB_Lunar_Irradiance', 'Latest_High_Quality_Retrieval', 'QF_Cloud_Mask'}",,True
2014-10-01,"{'DNB_BRDF_Corrected_NTL', 'Mandatory_Quality_Flag', 'Gap_Filled_DNB_BRDF_Corrected_NTL', 'Snow_Flag', 'DNB_Lunar_Irradiance', 'Latest_High_Quality_Retrieval', 'QF_Cloud_Mask'}",,True
2014-10-02,"{'DNB_BRDF_Corrected_NTL', 'Mandatory_Quality_Flag', 'Gap_Filled_DNB_BRDF_Corrected_NTL', 'Snow_Flag', 'DNB_Lunar_Irradiance', 'Latest_High_Quality_Retrieval', 'QF_Cloud_Mask'}",,True
2014-10-03,"{'DNB_BRDF_Corrected_NTL', 'Mandatory_Quality_Flag', 'Gap_Filled_DNB_BRDF_Corrected_NTL', 'Snow_Flag', 'DNB_Lunar_Irradiance', 'Latest_High_Quality_Retrieval', 'QF_Cloud_Mask'}",,True
2014-10-04,"{'DNB_BRDF_Corrected_NTL', 'Mandatory_Quality_Flag', 'Gap_Filled_DNB_BRDF_Corrected_NTL', 'Snow_Flag', 'DNB_Lunar_Irradiance', 'Latest_High_Quality_Retrieval', 'QF_Cloud_Mask'}",,True
2014-10-05,"{'DNB_BRDF_Corrected_NTL', 'Mandatory_Quality_Flag', 'Gap_Filled_DNB_BRDF_Corrected_NTL', 'Snow_Flag', 'DNB_Lunar_Irradiance', 'Latest_High_Quality_Retrieval', 'QF_Cloud_Mask'}",,True
2014-10-06,"{'DNB_BRDF_Corrected_NTL', 'Mandatory_Quality_Flag', 'Gap_Filled_DNB_BRDF_Corrected_NTL', 'Snow_Flag', 'DNB_Lunar_Irradiance', 'Latest_High_Quality_Retrieval', 'QF_Cloud_Mask'}",,True
2014-10-07,"{'DNB_BRDF_Corrected_NTL', 'Mandatory_Quality_Flag', 'Gap_Filled_DNB_BRDF_Corrected_NTL', 'Snow_Flag', 'DNB_Lunar_Irradiance', 'Latest_High_Quality_Retrieval', 'QF_Cloud_Mask'}",,True
2014-10-08,"{'DNB_BRDF_Corrected_NTL', 'Mandatory_Quality_Flag', 'Gap_Filled_DNB_BRDF_Corrected_NTL', 'Snow_Flag', 'DNB_Lunar_Irradiance', 'Latest_High_Quality_Retrieval', 'QF_Cloud_Mask'}",,True
2014-10-09,"{'DNB_BRDF_Corrected_NTL', 'Mandatory_Quality_Flag', 'Gap_Filled_DNB_BRDF_Corrected_NTL', 'Snow_Flag', 'DNB_Lunar_Irradiance', 'Latest_High_Quality_Retrieval', 'QF_Cloud_Mask'}",,True
2014-10-10,"{'DNB_BRDF_Corrected_NTL', 'Mandatory_Quality_Flag', 'Gap_Filled_DNB_BRDF_Corrected_NTL', 'Snow_Flag', 'DNB_Lunar_Irradiance', 'Latest_High_Quality_Retrieval', 'QF_Cloud_Mask'}",,True
2014-10-11,"{'DNB_BRDF_Corrected_NTL', 'Mandatory_Quality_Flag', 'Gap_Filled_DNB_BRDF_Corrected_NTL', 'Snow_Flag', 'DNB_Lunar_Irradiance', 'Latest_High_Quality_Retrieval', 'QF_Cloud_Mask'}",,True
2014-10-12,"{'DNB_BRDF_Corrected_NTL', 'Mandatory_Quality_Flag', 'Gap_Filled_DNB_BRDF_Corrected_NTL', 'Snow_Flag', 'DNB_Lunar_Irradiance', 'Latest_High_Quality_Retrieval', 'QF_Cloud_Mask'}",,True
2014-10-13,"{'DNB_BRDF_Corrected_NTL', 'Mandatory_Quality_Flag', 'Gap_Filled_DNB_BRDF_Corrected_NTL', 'Snow_Flag', 'DNB_Lunar_Irradiance', 'Latest_High_Quality_Retrieval', 'QF_Cloud_Mask'}",,True
2014-10-14,"{'DNB_BRDF_Corrected_NTL', 'Mandatory_Quality_Flag', 'Gap_Filled_DNB_BRDF_Corrected_NTL', 'Snow_Flag', 'DNB_Lunar_Irradiance', 'Latest_High_Quality_Retrieval', 'QF_Cloud_Mask'}",,True
2014-10-15,"{'DNB_BRDF_Corrected_NTL', 'Mandatory_Quality_Flag', 'Gap_Filled_DNB_BRDF_Corrected_NTL', 'Snow_Flag', 'DNB_Lunar_Irradiance', 'Latest_High_Quality_Retrieval', 'QF_Cloud_Mask'}",,True
2014-10-16,"{'DNB_BRDF_Corrected_NTL', 'Mandatory_Quality_Flag', 'Gap_Filled_DNB_BRDF_Corrected_NTL', 'Snow_Flag', 'DNB_Lunar_Irradiance', 'Latest_High_Quality_Retrieval', 'QF_Cloud_Mask'}",,True
2014-10-17,"{'DNB_BRDF_Corrected_NTL', 'Mandatory_Quality_Flag', 'Gap_Filled_DNB_BRDF_Corrected_NTL', 'Snow_Flag', 'DNB_Lunar_Irradiance', 'Latest_High_Quality_Retrieval', 'QF_Cloud_Mask'}",,True
2014-10-18,"{'DNB_BRDF_Corrected_NTL', 'Mandatory_Quality_Flag', 'Gap_Filled_DNB_BRDF_Corrected_NTL', 'Snow_Flag', 'DNB_Lunar_Irradiance', 'Latest_High_Quality_Retrieval', 'QF_Cloud_Mask'}",,True
2014-10-19,"{'DNB_BRDF_Corrected_NTL', 'Mandatory_Quality_Flag', 'Gap_Filled_DNB_BRDF_Corrected_NTL', 'Snow_Flag', 'DNB_Lunar_Irradiance', 'Latest_High_Quality_Retrieval', 'QF_Cloud_Mask'}",,True
2014-10-20,"{'DNB_BRDF_Corrected_NTL', 'Mandatory_Quality_Flag', 'Gap_Filled_DNB_BRDF_Corrected_NTL', 'Snow_Flag', 'DNB_Lunar_Irradiance', 'Latest_High_Quality_Retrieval', 'QF_Cloud_Mask'}",,True
2014-10-21,"{'DNB_BRDF_Corrected_NTL', 'Mandatory_Quality_Flag', 'Gap_Filled_DNB_BRDF_Corrected_NTL', 'Snow_Flag', 'DNB_Lunar_Irradiance', 'Latest_High_Quality_Retrieval', 'QF_Cloud_Mask'}",,True
2014-10-22,"{'DNB_BRDF_Corrected_NTL', 'Mandatory_Quality_Flag', 'Gap_Filled_DNB_BRDF_Corrected_NTL', 'Snow_Flag', 'DNB_Lunar_Irradiance', 'Latest_High_Quality_Retrieval', 'QF_Cloud_Mask'}",,True
2014-10-23,"{'DNB_BRDF_Corrected_NTL', 'Mandatory_Quality_Flag', 'Gap_Filled_DNB_BRDF_Corrected_NTL', 'Snow_Flag', 'DNB_Lunar_Irradiance', 'Latest_High_Quality_Retrieval', 'QF_Cloud_Mask'}",,True
2014-10-24,"{'DNB_BRDF_Corrected_NTL', 'Mandatory_Quality_Flag', 'Gap_Filled_DNB_BRDF_Corrected_NTL', 'Snow_Flag', 'DNB_Lunar_Irradiance', 'Latest_High_Quality_Retrieval', 'QF_Cloud_Mask'}",,True
2014-10-25,"{'DNB_BRDF_Corrected_NTL', 'Mandatory_Quality_Flag', 'Gap_Filled_DNB_BRDF_Corrected_NTL', 'Snow_Flag', 'DNB_Lunar_Irradiance', 'Latest_High_Quality_Retrieval', 'QF_Cloud_Mask'}",,True
2014-10-26,"{'DNB_BRDF_Corrected_NTL', 'Mandatory_Quality_Flag', 'Gap_Filled_DNB_BRDF_Corrected_NTL', 'Snow_Flag', 'DNB_Lunar_Irradiance', 'Latest_High_Quality_Retrieval', 'QF_Cloud_Mask'}",,True
2014-10-27,"{'DNB_BRDF_Corrected_NTL', 'Mandatory_Quality_Flag', 'Gap_Filled_DNB_BRDF_Corrected_NTL', 'Snow_Flag', 'DNB_Lunar_Irradiance', 'Latest_High_Quality_Retrieval', 'QF_Cloud_Mask'}",,True
2014-10-28,"{'DNB_BRDF_Corrected_NTL', 'Mandatory_Quality_Flag', 'Gap_Filled_DNB_BRDF_Corrected_NTL', 'Snow_Flag', 'DNB_Lunar_Irradiance', 'Latest_High_Quality_Retrieval', 'QF_Cloud_Mask'}",,True
2014-10-29,"{'DNB_BRDF_Corrected_NTL', 'Mandatory_Quality_Flag', 'Gap_Filled_DNB_BRDF_Corrected_NTL', 'Snow_Flag', 'DNB_Lunar_Irradiance', 'Latest_High_Quality_Retrieval', 'QF_Cloud_Mask'}",,True
2014-10-30,"{'DNB_BRDF_Corrected_NTL', 'Mandatory_Quality_Flag', 'Gap_Filled_DNB_BRDF_Corrected_NTL', 'Snow_Flag', 'DNB_Lunar_Irradiance', 'Latest_High_Quality_Retrieval', 'QF_Cloud_Mask'}",,True
2014-10-31,"{'DNB_BRDF_Corrected_NTL', 'Mandatory_Quality_Flag', 'Gap_Filled_DNB_BRDF_Corrected_NTL', 'Snow_Flag', 'DNB_Lunar_Irradiance', 'Latest_High_Quality_Retrieval', 'QF_Cloud_Mask'}",,True
2014-11-01,"{'DNB_BRDF_Corrected_NTL', 'Mandatory_Quality_Flag', 'Gap_Filled_DNB_BRDF_Corrected_NTL', 'Snow_Flag', 'DNB_Lunar_Irradiance', 'Latest_High_Quality_Retrieval', 'QF_Cloud_Mask'}",,True
2014-11-02,"{'DNB_BRDF_Corrected_NTL', 'Mandatory_Quality_Flag', 'Gap_Filled_DNB_BRDF_Corrected_NTL', 'Snow_Flag', 'DNB_Lunar_Irradiance', 'Latest_High_Quality_Retrieval', 'QF_Cloud_Mask'}",,True
2014-11-03,"{'DNB_BRDF_Corrected_NTL', 'Mandatory_Quality_Flag', 'Gap_Filled_DNB_BRDF_Corrected_NTL', 'Snow_Flag', 'DNB_Lunar_Irradiance', 'Latest_High_Quality_Retrieval', 'QF_Cloud_Mask'}",,True
2014-11-04,"{'DNB_BRDF_Corrected_NTL', 'Mandatory_Quality_Flag', 'Gap_Filled_DNB_BRDF_Corrected_NTL', 'Snow_Flag', 'DNB_Lunar_Irradiance', 'Latest_High_Quality_Retrieval', 'QF_Cloud_Mask'}",,True
2014-11-05,"{'DNB_BRDF_Corrected_NTL', 'Mandatory_Quality_Flag', 'Gap_Filled_DNB_BRDF_Corrected_NTL', 'Snow_Flag', 'DNB_Lunar_Irradiance', 'Latest_High_Quality_Retrieval', 'QF_Cloud_Mask'}",,True
2014-11-06,"{'DNB_BRDF_Corrected_NTL', 'Mandatory_Quality_Flag', 'Gap_Filled_DNB_BRDF_Corrected_NTL', 'Snow_Flag', 'DNB_Lunar_Irradiance', 'Latest_High_Quality_Retrieval', 'QF_Cloud_Mask'}",,True
2014-11-07,"{'DNB_BRDF_Corrected_NTL', 'Mandatory_Quality_Flag', 'Gap_Filled_DNB_BRDF_Corrected_NTL', 'Snow_Flag', 'DNB_Lunar_Irradiance', 'Latest_High_Quality_Retrieval', 'QF_Cloud_Mask'}",,True
2014-11-08,"{'DNB_BRDF_Corrected_NTL', 'Mandatory_Quality_Flag', 'Gap_Filled_DNB_BRDF_Corrected_NTL', 'Snow_Flag', 'DNB_Lunar_Irradiance', 'Latest_High_Quality_Retrieval', 'QF_Cloud_Mask'}",,True
